Sequences,Sat_test_Cassius1,Sat_test_Cassius2,Chi_test,Bowker_test,Stuart_test,Internal_Symmetry,Proposed_test,Alignment_Length
(Hovahydrus_minutissimus;Sanfilippodytes_terminalis),2.58434,2.57403,4623.97,9.83099,5.14239,4.68859,-0.499342,2085
(Hovahydrus_minutissimus;Canthyporus_hottentotus),2.61175,2.59703,4687.5,5.22679,1.55137,3.67543,-0.259038,2077
(Hovahydrus_minutissimus;Laccornellus_copelatoides),2.63559,2.61005,4746.68,15.8316,12.6014,3.23019,-1.06556,2082
(Hovahydrus_minutissimus;Andex_insignis),2.70578,2.69936,5059.9,4.2547,2.35897,1.89573,-0.540949,2078
(Hovahydrus_minutissimus;Hyphydrus_ovatus),2.66492,2.65423,4910.07,7.21567,3.3598,3.85586,-0.384345,2086
(Hovahydrus_minutissimus;Heterosternusa_pulcher),2.61688,2.61333,4761.87,8.37605,6.60722,1.76883,-1.087,2084
(Hovahydrus_minutissimus;Neoporus_arizonicus),2.57914,2.57001,4612.48,5.85469,3.27985,2.57485,-1.4556,2084
(Hovahydrus_minutissimus;Neoporus_undulatus),2.58915,2.58044,4589.75,9.41734,7.10662,2.31072,-1.16418,2057
(Hovahydrus_minutissimus;Hydrocolus_sahlbergi),2.62758,2.62037,4780.6,7.89355,5.54325,2.35029,-1.26538,2081
(Hovahydrus_minutissimus;Suphrodytes_figuratus),2.63465,2.63465,4842.88,7.93078,5.64137,2.28941,-0.673186,2084
(Hovahydrus_minutissimus;Suphrodytes_dorsalis),2.63218,2.63329,4840.65,12.5278,6.94445,5.58336,-0.265275,2085
(Hovahydrus_minutissimus;Hydroporus_scalesianus),2.60623,2.60518,4739.07,11.3276,8.41707,2.91049,-0.747202,2083
(Hovahydrus_minutissimus;Hydroporus_vagepictus),2.58702,2.57488,4625.78,7.16931,3.12786,4.04146,1.09165,2084
(Hovahydrus_minutissimus;Hydroporus_longiusculus),2.61176,2.61427,4764.56,13.6231,9.85425,3.76883,-0.49379,2081
(Hovahydrus_minutissimus;Hydroporus_carri),2.61433,2.61812,4748.57,14.0439,10.2114,3.83252,-0.240285,2068
(Hovahydrus_minutissimus;Hydroporus_nigellus),2.6103,2.60699,4577.52,9.38873,7.0357,2.35303,-0.655482,2011
(Hovahydrus_minutissimus;Hydroporus_niger),2.6431,2.63039,4494.17,16.9722,10.0396,6.93266,-0.31875,1940
(Hovahydrus_minutissimus;Hydroporus_notabilis),2.60386,2.59809,4593.3,13.851,5.85399,7.99699,-1.13034,2032
(Hovahydrus_minutissimus;Hydroporus_appalachius),2.59748,2.60344,4698.9,18.2667,12.112,6.15476,-0.677417,2069
(Hovahydrus_minutissimus;Hydroporus_mannerheimi),2.60637,2.60883,4753.79,20.8471,12.2161,8.63109,-1.30939,2085
(Hovahydrus_minutissimus;Hydroporus_neglectus),2.63702,2.62382,4548.7,7.57421,6.48254,1.09167,0.535761,1974
(Hovahydrus_minutissimus;Hydroporus_sinuatipes),2.62966,2.60454,4334.01,8.66625,1.97683,6.68942,-0.870624,1909
(Hovahydrus_minutissimus;Hydroporus_obscurus),2.61356,2.61954,4792.53,17.8307,14.6778,3.15282,-1.10045,2084
(Hovahydrus_minutissimus;Hydroporus_erythrocephalus),2.62437,2.6211,4755.77,11.4334,5.95734,5.47608,-0.805881,2068
(Hovahydrus_minutissimus;Hydroporus_puberulus),2.63329,2.6315,4793.74,8.81587,6.91603,1.89985,-0.277027,2068
(Hovahydrus_minutissimus;Hydroporus_axillaris),2.6011,2.59769,4707.39,8.59102,4.97692,3.6141,0.0258565,2084
(Hovahydrus_minutissimus;Hydroporus_fortis),2.62504,2.61392,4503.99,9.95369,4.06165,5.89203,0.438727,1969
(Hovahydrus_minutissimus;Hydroporus_kraatzii),2.64289,2.64321,4761.09,15.0247,11.3776,3.64719,-1.22646,2036
(Hovahydrus_minutissimus;Hydroporus_memnonius),2.63101,2.62204,4792.17,16.1261,8.96335,7.16273,-1.38233,2083
(Hovahydrus_minutissimus;Hydroporus_rufifrons),2.64801,2.65029,4760.96,17.5485,12.8175,4.73102,-1.13402,2024
(Hovahydrus_minutissimus;Hydroporus_tristis),2.63525,2.62238,4638.79,4.59163,1.89465,2.69698,-0.655071,2015
(Hovahydrus_minutissimus;Hydroporus_nigrita),2.61342,2.60324,4726.84,3.59653,1.79658,1.79995,0.0385641,2084
(Hovahydrus_minutissimus;Hydroporus_lapponum),2.61336,2.61395,4770.31,14.9067,10.8115,4.09518,-0.312834,2084
(Hovahydrus_minutissimus;Hydroporus_submuticus),2.62442,2.62887,4826.54,19.4488,15.334,4.1148,-0.478854,2084
(Hovahydrus_minutissimus;Hydroporus_pilosus),2.63738,2.6299,4823.16,4.51929,1.92888,2.5904,0.564899,2084
(Hovahydrus_minutissimus;Hydroporus_pubescens),2.61622,2.61331,4762.41,5.05783,3.22667,1.83116,0.118356,2084
(Hovahydrus_minutissimus;Hydroporus_tessellatus),2.60312,2.59386,4684.9,7.01715,4.8674,2.14975,-0.228156,2081
(Sanfilippodytes_terminalis;Canthyporus_hottentotus),2.6374,2.62146,4794.41,7.28494,5.59291,1.69202,-0.132179,2085
(Sanfilippodytes_terminalis;Laccornellus_copelatoides),2.61899,2.59348,4704.56,15.9612,11.8341,4.12709,0.0416948,2091
(Sanfilippodytes_terminalis;Andex_insignis),2.62505,2.61773,4781.96,8.57505,2.01459,6.56045,1.14643,2086
(Sanfilippodytes_terminalis;Hyphydrus_ovatus),2.62473,2.61267,4786.37,4.36825,0.693307,3.67494,0.338627,2094
(Sanfilippodytes_terminalis;Heterosternusa_pulcher),2.67396,2.67022,4987.68,5.8768,2.57125,3.30555,1.34039,2094
(Sanfilippodytes_terminalis;Neoporus_arizonicus),2.63317,2.6234,4820.08,4.76376,1.19003,3.57373,-0.449883,2094
(Sanfilippodytes_terminalis;Neoporus_undulatus),2.65678,2.64799,4848.49,9.18345,3.17613,6.00732,0.334519,2067
(Sanfilippodytes_terminalis;Hydrocolus_sahlbergi),2.68145,2.67337,4988.36,6.6957,2.39703,4.29867,-0.347054,2090
(Sanfilippodytes_terminalis;Suphrodytes_figuratus),2.67849,2.67785,5020.81,10.5178,8.40363,2.11421,0.199597,2094
(Sanfilippodytes_terminalis;Suphrodytes_dorsalis),2.67954,2.67971,5026.74,11.2747,11.197,0.0777696,0.013861,2094
(Sanfilippodytes_terminalis;Hydroporus_scalesianus),2.66405,2.66268,4961.92,8.5471,7.89758,0.649526,0.706774,2093
(Sanfilippodytes_terminalis;Hydroporus_vagepictus),2.67214,2.6594,4948.38,2.42214,0.907812,1.51433,1.03383,2094
(Sanfilippodytes_terminalis;Hydroporus_longiusculus),2.68312,2.68483,5033.68,11.6258,10.4798,1.14601,0.970439,2090
(Sanfilippodytes_terminalis;Hydroporus_carri),2.68279,2.68637,5007.82,12.297,10.7507,1.54624,1.11766,2077
(Sanfilippodytes_terminalis;Hydroporus_nigellus),2.67676,2.67342,4826.14,9.53083,8.85798,0.672852,-0.225434,2020
(Sanfilippodytes_terminalis;Hydroporus_niger),2.74179,2.73116,4856.99,6.46726,5.92873,0.538529,0.450105,1949
(Sanfilippodytes_terminalis;Hydroporus_notabilis),2.68798,2.68193,4904.96,3.72638,2.15489,1.57149,0.487081,2041
(Sanfilippodytes_terminalis;Hydroporus_appalachius),2.72072,2.7269,5159.93,14.6031,13.5684,1.03479,0.973519,2078
(Sanfilippodytes_terminalis;Hydroporus_mannerheimi),2.71198,2.71432,5152.43,11.8429,11.5032,0.339701,0.36719,2094
(Sanfilippodytes_terminalis;Hydroporus_neglectus),2.71314,2.70141,4835.32,14.5,12.15,2.34994,0.471069,1983
(Sanfilippodytes_terminalis;Hydroporus_sinuatipes),2.72418,2.70008,4669.04,3.24975,3.21009,0.0396697,0.0320035,1918
(Sanfilippodytes_terminalis;Hydroporus_obscurus),2.70979,2.71498,5155.32,20.6538,19.6577,0.996088,0.111368,2093
(Sanfilippodytes_terminalis;Hydroporus_erythrocephalus),2.67475,2.67083,4951.77,6.71338,3.40251,3.31086,1.4263,2077
(Sanfilippodytes_terminalis;Hydroporus_puberulus),2.68104,2.67879,4984.26,10.1951,8.79208,1.40301,0.118327,2078
(Sanfilippodytes_terminalis;Hydroporus_axillaris),2.69796,2.69387,5070.13,3.63624,3.59393,0.0423051,-0.0456007,2093
(Sanfilippodytes_terminalis;Hydroporus_fortis),2.69354,2.68393,4760.23,8.04407,5.85454,2.18954,0.252932,1978
(Sanfilippodytes_terminalis;Hydroporus_kraatzii),2.68083,2.6815,4919.23,12.4927,8.5957,3.897,0.11249,2046
(Sanfilippodytes_terminalis;Hydroporus_memnonius),2.67828,2.66928,4983.02,5.72097,0.704842,5.01613,-0.299465,2093
(Sanfilippodytes_terminalis;Hydroporus_rufifrons),2.69181,2.69356,4930.77,16.899,12.7873,4.11178,1.25875,2033
(Sanfilippodytes_terminalis;Hydroporus_tristis),2.69964,2.68667,4882.78,3.06707,1.19652,1.87055,0.228707,2025
(Sanfilippodytes_terminalis;Hydroporus_nigrita),2.66663,2.65583,4935.83,4.17176,1.49704,2.67472,1.35123,2094
(Sanfilippodytes_terminalis;Hydroporus_lapponum),2.68234,2.68208,5029.83,10.6877,9.13301,1.55469,0.570315,2093
(Sanfilippodytes_terminalis;Hydroporus_submuticus),2.68843,2.69213,5070.06,15.8704,14.3799,1.49047,0.466588,2093
(Sanfilippodytes_terminalis;Hydroporus_pilosus),2.67779,2.66986,4989.16,5.63892,2.6604,2.97852,1.36385,2094
(Sanfilippodytes_terminalis;Hydroporus_pubescens),2.67272,2.6691,4986.87,9.47475,5.12553,4.34922,1.49223,2094
(Sanfilippodytes_terminalis;Hydroporus_tessellatus),2.67093,2.66101,4947.89,1.19959,0.391005,0.808587,0.186778,2091
(Canthyporus_hottentotus;Laccornellus_copelatoides),2.65283,2.62263,4799.11,8.76402,6.44197,2.32205,0.175631,2085
(Canthyporus_hottentotus;Andex_insignis),2.61136,2.59864,4692.46,6.52277,3.08526,3.43751,0.718289,2077
(Canthyporus_hottentotus;Hyphydrus_ovatus),2.60222,2.58605,4669.1,3.31783,2.62559,0.692234,-0.0641324,2086
(Canthyporus_hottentotus;Heterosternusa_pulcher),2.61377,2.60446,4732.15,13.4756,9.25528,4.22035,0.454127,2084
(Canthyporus_hottentotus;Neoporus_arizonicus),2.60494,2.58987,4682.48,7.5963,4.0895,3.5068,0.725039,2084
(Canthyporus_hottentotus;Neoporus_undulatus),2.63337,2.61831,4728.92,12.4126,9.26428,3.14829,-0.127376,2060
(Canthyporus_hottentotus;Hydrocolus_sahlbergi),2.67254,2.65894,4921.23,12.6357,9.51504,3.12062,-0.0125262,2081
(Canthyporus_hottentotus;Suphrodytes_figuratus),2.64718,2.64074,4871.84,19.8248,12.5157,7.30903,-0.245571,2085
(Canthyporus_hottentotus;Suphrodytes_dorsalis),2.6464,2.64133,4876.6,16.8764,14.9616,1.91482,0.0507172,2086
(Canthyporus_hottentotus;Hydroporus_scalesianus),2.65398,2.64718,4892.67,17.9615,15.4988,2.46269,-1.02984,2085
(Canthyporus_hottentotus;Hydroporus_vagepictus),2.63107,2.61321,4763.75,4.68333,2.63,2.05333,0.573932,2085
(Canthyporus_hottentotus;Hydroporus_longiusculus),2.63302,2.62935,4826.63,20.0807,17.5197,2.56096,0.0120479,2084
(Canthyporus_hottentotus;Hydroporus_carri),2.63646,2.63422,4814.21,21.6034,18.6089,2.99444,0.116085,2071
(Canthyporus_hottentotus;Hydroporus_nigellus),2.64131,2.63106,4680.38,17.8877,15.3929,2.49479,-0.0717427,2017
(Canthyporus_hottentotus;Hydroporus_niger),2.65958,2.63985,4543.34,18.6857,16.0816,2.60409,0.295839,1946
(Canthyporus_hottentotus;Hydroporus_notabilis),2.62236,2.60934,4649.38,13.7528,9.59831,4.15453,-0.151123,2038
(Canthyporus_hottentotus;Hydroporus_appalachius),2.64952,2.64955,4872.22,31.1101,24.3164,6.79371,-nan,2072
(Canthyporus_hottentotus;Hydroporus_mannerheimi),2.63761,2.6348,4849.19,24.8091,21.4067,3.40241,-0.033572,2085
(Canthyporus_hottentotus;Hydroporus_neglectus),2.68406,2.66492,4702.87,17.2339,15.2178,2.01614,0.999044,1978
(Canthyporus_hottentotus;Hydroporus_sinuatipes),2.68466,2.65392,4505.71,10.0947,3.86005,6.23469,0.00397976,1912
(Canthyporus_hottentotus;Hydroporus_obscurus),2.63456,2.6342,4852.15,30.2564,26.5576,3.69882,0.648813,2084
(Canthyporus_hottentotus;Hydroporus_erythrocephalus),2.63625,2.62643,4783.05,17.1599,10.6548,6.50507,0.749812,2071
(Canthyporus_hottentotus;Hydroporus_puberulus),2.65281,2.64523,4854.21,14.7167,13.5187,1.19796,0.584431,2072
(Canthyporus_hottentotus;Hydroporus_axillaris),2.64113,2.63166,4831.74,18.3693,9.95309,8.41619,0.00303204,2084
(Canthyporus_hottentotus;Hydroporus_fortis),2.65985,2.64221,4614.79,13.8756,10.3937,3.48198,0.930905,1975
(Canthyporus_hottentotus;Hydroporus_kraatzii),2.64146,2.63532,4757.2,22.0907,19.3272,2.76354,0.694876,2043
(Canthyporus_hottentotus;Hydroporus_memnonius),2.65971,2.64445,4876.91,15.1621,10.3735,4.78856,0.122792,2084
(Canthyporus_hottentotus;Hydroporus_rufifrons),2.63964,2.63592,4724.17,26.2868,21.7955,4.49136,0.335687,2027
(Canthyporus_hottentotus;Hydroporus_tristis),2.67493,2.65645,4769.13,6.55498,3.28144,3.27353,0.253719,2020
(Canthyporus_hottentotus;Hydroporus_nigrita),2.66776,2.65152,4902.85,8.24098,2.90417,5.33682,1.18871,2085
(Canthyporus_hottentotus;Hydroporus_lapponum),2.64232,2.63648,4855.4,24.8153,18.9475,5.86774,-nan,2084
(Canthyporus_hottentotus;Hydroporus_submuticus),2.64852,2.64671,4895.32,30.2069,26.6095,3.59736,-nan,2084
(Canthyporus_hottentotus;Hydroporus_pilosus),2.65464,2.64138,4865.77,8.98335,4.44176,4.54159,0.743541,2085
(Canthyporus_hottentotus;Hydroporus_pubescens),2.66893,2.65957,4933.65,11.282,9.20355,2.07842,0.930316,2085
(Canthyporus_hottentotus;Hydroporus_tessellatus),2.64934,2.63378,4839.08,6.14467,5.76612,0.378557,0.510482,2085
(Laccornellus_copelatoides;Andex_insignis),2.63781,2.61545,4764.5,20.2256,16.1387,4.08683,1.21458,2083
(Laccornellus_copelatoides;Hyphydrus_ovatus),2.62733,2.60032,4732.74,13.7732,10.5736,3.19956,0.600969,2092
(Laccornellus_copelatoides;Heterosternusa_pulcher),2.6136,2.59429,4710.93,24.3984,22.1046,2.29383,-0.654318,2090
(Laccornellus_copelatoides;Neoporus_arizonicus),2.61382,2.58892,4685.7,11.6003,11.3692,0.231065,-0.438067,2090
(Laccornellus_copelatoides;Neoporus_undulatus),2.61212,2.58827,4625.83,15.5366,15.1977,0.338879,0.0423677,2063
(Laccornellus_copelatoides;Hydrocolus_sahlbergi),2.63942,2.6158,4782.59,20.6387,19.6186,1.02016,-0.269423,2087
(Laccornellus_copelatoides;Suphrodytes_figuratus),2.67916,2.66268,4963.53,35.7373,35.4326,0.304704,-0.336848,2091
(Laccornellus_copelatoides;Suphrodytes_dorsalis),2.67344,2.65824,4947.95,37.1604,37.1232,0.0372387,-0.106708,2092
(Laccornellus_copelatoides;Hydroporus_scalesianus),2.63833,2.62157,4816.41,34.27,31.6747,2.5953,-0.964617,2091
(Laccornellus_copelatoides;Hydroporus_vagepictus),2.66082,2.63351,4848.76,10.7127,8.37994,2.33274,1.1275,2091
(Laccornellus_copelatoides;Hydroporus_longiusculus),2.64021,2.62599,4824.01,41.1625,39.977,1.18549,0.280317,2087
(Laccornellus_copelatoides;Hydroporus_carri),2.6405,2.62798,4801.41,42.2523,40.1318,2.12054,0.734198,2074
(Laccornellus_copelatoides;Hydroporus_nigellus),2.63379,2.61455,4619.91,29.1967,28.7175,0.479226,0.346629,2017
(Laccornellus_copelatoides;Hydroporus_niger),2.65597,2.62793,4500.97,29.8445,29.141,0.7035,0.883033,1946
(Laccornellus_copelatoides;Hydroporus_notabilis),2.63429,2.61263,4656.71,20.1275,18.1364,1.99105,0.0717661,2038
(Laccornellus_copelatoides;Hydroporus_appalachius),2.6157,2.60572,4725.77,43.9339,41.2402,2.69374,0.0666801,2075
(Laccornellus_copelatoides;Hydroporus_mannerheimi),2.61487,2.60104,4745.16,40.0468,37.702,2.34473,-0.313274,2091
(Laccornellus_copelatoides;Hydroporus_neglectus),2.68185,2.65479,4673.92,31.3028,30.9702,0.332532,0.119348,1981
(Laccornellus_copelatoides;Hydroporus_sinuatipes),2.67867,2.64124,4467.98,13.566,12.6202,0.945838,0.383612,1915
(Laccornellus_copelatoides;Hydroporus_obscurus),2.63865,2.62805,4841.37,50.2679,50.0244,0.243528,0.0379623,2090
(Laccornellus_copelatoides;Hydroporus_erythrocephalus),2.6128,2.59335,4675.9,21.2723,19.9261,1.34624,0.767444,2074
(Laccornellus_copelatoides;Hydroporus_puberulus),2.67128,2.65403,4893.18,30.7159,29.2362,1.47965,1.45254,2075
(Laccornellus_copelatoides;Hydroporus_axillaris),2.61837,2.59905,4728.97,26.576,21.7688,4.8072,0.337003,2090
(Laccornellus_copelatoides;Hydroporus_fortis),2.68191,2.65684,4665.97,25.7034,23.3801,2.32334,0.471219,1975
(Laccornellus_copelatoides;Hydroporus_kraatzii),2.66602,2.65123,4812.19,45.4705,39.3631,6.10748,0.330223,2043
(Laccornellus_copelatoides;Hydroporus_memnonius),2.6591,2.63419,4852.81,25.119,20.3761,4.74286,-1.35538,2090
(Laccornellus_copelatoides;Hydroporus_rufifrons),2.66707,2.65135,4785.49,52.6357,52.4761,0.159657,0.249416,2030
(Laccornellus_copelatoides;Hydroporus_tristis),2.68889,2.65867,4784.02,21.8484,17.391,4.45743,1.08583,2023
(Laccornellus_copelatoides;Hydroporus_nigrita),2.68219,2.65572,4931.55,20.5912,12.0138,8.57745,1.8764,2091
(Laccornellus_copelatoides;Hydroporus_lapponum),2.63043,2.61447,4787.28,34.5325,33.4089,1.12352,0.14105,2090
(Laccornellus_copelatoides;Hydroporus_submuticus),2.62697,2.61485,4793.07,45.0747,43.5823,1.4924,0.40604,2090
(Laccornellus_copelatoides;Hydroporus_pilosus),2.69807,2.67436,4999.47,20.8435,17.866,2.97752,1.36315,2091
(Laccornellus_copelatoides;Hydroporus_pubescens),2.68917,2.66969,4987.41,29.5202,28.3977,1.1225,-0.484141,2091
(Laccornellus_copelatoides;Hydroporus_tessellatus),2.67283,2.64749,4892.25,16.7414,14.302,2.43942,0.0416992,2088
(Andex_insignis;Hyphydrus_ovatus),2.67567,2.66775,4961.7,5.14072,1.81728,3.32343,-0.337332,2087
(Andex_insignis;Heterosternusa_pulcher),2.61955,2.61856,4778.07,5.91769,2.4026,3.51509,-1.70598,2085
(Andex_insignis;Neoporus_arizonicus),2.6433,2.63622,4841.11,4.64576,2.1125,2.53325,-0.917989,2085
(Andex_insignis;Neoporus_undulatus),2.61854,2.61312,4700.73,9.81529,6.64187,3.17341,-1.22187,2058
(Andex_insignis;Hydrocolus_sahlbergi),2.64716,2.64225,4859.97,4.25614,3.8348,0.421339,-0.551294,2082
(Andex_insignis;Suphrodytes_figuratus),2.65486,2.65716,4922.21,7.54247,5.27245,2.27002,0.0292618,2085
(Andex_insignis;Suphrodytes_dorsalis),2.65141,2.65486,4917.54,13.0997,6.91144,6.18822,-0.839169,2086
(Andex_insignis;Hydroporus_scalesianus),2.63767,2.6388,4855.95,14.5195,6.35427,8.16521,0.485396,2084
(Andex_insignis;Hydroporus_vagepictus),2.62753,2.61759,4777.68,2.62354,1.5743,1.04924,0.185418,2085
(Andex_insignis;Hydroporus_longiusculus),2.63916,2.64413,4867.85,9.64416,7.74125,1.90291,-0.892434,2082
(Andex_insignis;Hydroporus_carri),2.64183,2.64863,4854.94,11.4094,8.68699,2.72242,-0.404806,2069
(Andex_insignis;Hydroporus_nigellus),2.63377,2.63297,4667.18,10.16,8.71848,1.44156,-0.348189,2012
(Andex_insignis;Hydroporus_niger),2.66194,2.65344,4568.77,12.7964,8.00971,4.78672,-1.24623,1941
(Andex_insignis;Hydroporus_notabilis),2.62876,2.62478,4683.72,7.48114,4.65591,2.82523,-1.00081,2033
(Andex_insignis;Hydroporus_appalachius),2.6333,2.64248,4834.42,14.1887,9.31202,4.87667,-0.975073,2070
(Andex_insignis;Hydroporus_mannerheimi),2.61856,2.62402,4805.56,18.2974,8.4773,9.82013,-0.864904,2086
(Andex_insignis;Hydroporus_neglectus),2.65742,2.64929,4634.88,8.48861,7.15357,1.33504,0.698768,1975
(Andex_insignis;Hydroporus_sinuatipes),2.70217,2.6833,4593.92,7.92293,1.23706,6.68587,-0.140596,1910
(Andex_insignis;Hydroporus_obscurus),2.63061,2.63909,4862.66,15.6599,13.2963,2.36369,-0.660131,2085
(Andex_insignis;Hydroporus_erythrocephalus),2.65685,2.65572,4876.37,6.97222,4.44269,2.52953,-0.99397,2069
(Andex_insignis;Hydroporus_puberulus),2.63761,2.63825,4818.17,9.19018,7.68119,1.50899,-0.576925,2069
(Andex_insignis;Hydroporus_axillaris),2.63879,2.63784,4846.97,6.78751,2.71374,4.07377,-0.411517,2085
(Andex_insignis;Hydroporus_fortis),2.64954,2.64287,4598.88,9.68889,2.82109,6.86781,-0.219799,1970
(Andex_insignis;Hydroporus_kraatzii),2.65459,2.65797,4811.84,12.4958,8.05557,4.44024,-1.6712,2037
(Andex_insignis;Hydroporus_memnonius),2.63766,2.63089,4825.42,7.66386,2.54043,5.12343,-1.6381,2084
(Andex_insignis;Hydroporus_rufifrons),2.66812,2.67161,4835.69,14.8205,13.5687,1.25181,-0.672901,2025
(Andex_insignis;Hydroporus_tristis),2.65911,2.64783,4724.09,4.24199,1.63947,2.60252,-0.137917,2016
(Andex_insignis;Hydroporus_nigrita),2.64728,2.6395,4855.86,6.60166,1.1917,5.40995,1.65971,2085
(Andex_insignis;Hydroporus_lapponum),2.65436,2.65737,4923.93,12.3435,8.97142,3.37204,-0.29937,2085
(Andex_insignis;Hydroporus_submuticus),2.66445,2.6714,4976.22,15.4798,12.8044,2.67541,-0.405007,2085
(Andex_insignis;Hydroporus_pilosus),2.67197,2.66701,4955.48,2.212,1.32858,0.883417,0.17714,2085
(Andex_insignis;Hydroporus_pubescens),2.66746,2.66678,4952.26,2.78764,2.25,0.537641,0.392802,2085
(Andex_insignis;Hydroporus_tessellatus),2.63961,2.63267,4822.77,3.25041,2.1395,1.11091,-0.406333,2082
(Hyphydrus_ovatus;Heterosternusa_pulcher),2.6147,2.60927,4769.99,4.67074,3.35817,1.31257,1.07963,2093
(Hyphydrus_ovatus;Neoporus_arizonicus),2.61589,2.6047,4752.22,3.42317,0.40112,3.02205,-0.787482,2093
(Hyphydrus_ovatus;Neoporus_undulatus),2.62337,2.61327,4725.12,3.16956,2.30437,0.865189,0.491555,2066
(Hyphydrus_ovatus;Hydrocolus_sahlbergi),2.6444,2.63522,4853.08,6.59906,2.51728,4.08177,-0.604543,2090
(Hyphydrus_ovatus;Suphrodytes_figuratus),2.64326,2.64117,4887.34,13.5835,8.2628,5.32066,0.453556,2093
(Hyphydrus_ovatus;Suphrodytes_dorsalis),2.64087,2.63996,4886.29,12.9275,10.0683,2.85919,-0.332434,2094
(Hyphydrus_ovatus;Hydroporus_scalesianus),2.64627,2.64339,4894.51,9.6912,8.52268,1.16852,0.686414,2092
(Hyphydrus_ovatus;Hydroporus_vagepictus),2.62089,2.60668,4758.15,3.13097,0.156817,2.97415,0.546226,2093
(Hyphydrus_ovatus;Hydroporus_longiusculus),2.65313,2.65372,4923.08,11.2627,11.0114,0.25129,0.216081,2090
(Hyphydrus_ovatus;Hydroporus_carri),2.65668,2.65949,4913.53,11.6972,10.9208,0.776412,0.692415,2077
(Hyphydrus_ovatus;Hydroporus_nigellus),2.64657,2.64212,4717.76,9.55353,8.0404,1.51313,0.771833,2020
(Hyphydrus_ovatus;Hydroporus_niger),2.67219,2.65954,4612.73,10.4106,6.17161,4.23904,1.66538,1949
(Hyphydrus_ovatus;Hydroporus_notabilis),2.63212,2.62474,4707.93,4.26906,2.17799,2.09108,0.734646,2041
(Hyphydrus_ovatus;Hydroporus_appalachius),2.65144,2.65653,4905.48,15.1523,13.3381,1.81422,1.12551,2078
(Hyphydrus_ovatus;Hydroporus_mannerheimi),2.64219,2.64333,4895.57,14.623,11.1635,3.45955,0.328051,2094
(Hyphydrus_ovatus;Hydroporus_neglectus),2.65866,2.64586,4644.76,12.5047,9.75556,2.74916,1.71933,1983
(Hyphydrus_ovatus;Hydroporus_sinuatipes),2.68709,2.66116,4541.98,2.54187,2.27191,0.26996,-0.150551,1918
(Hyphydrus_ovatus;Hydroporus_obscurus),2.63916,2.64324,4896.31,19.8605,18.2313,1.62917,1.21221,2093
(Hyphydrus_ovatus;Hydroporus_erythrocephalus),2.62918,2.62444,4785.45,4.43021,2.67872,1.75149,0.230498,2077
(Hyphydrus_ovatus;Hydroporus_puberulus),2.63902,2.63566,4829.04,8.6121,6.76938,1.84272,0.650124,2077
(Hyphydrus_ovatus;Hydroporus_axillaris),2.62499,2.61978,4802.3,3.47306,3.22545,0.247614,0.0798466,2093
(Hyphydrus_ovatus;Hydroporus_fortis),2.66022,2.64926,4641.42,5.53195,4.40487,1.12708,1.03127,1978
(Hyphydrus_ovatus;Hydroporus_kraatzii),2.64371,2.64317,4781.21,13.6044,9.29999,4.30438,0.839187,2045
(Hyphydrus_ovatus;Hydroporus_memnonius),2.63626,2.62563,4822.88,7.85786,2.36904,5.48882,0.0406812,2092
(Hyphydrus_ovatus;Hydroporus_rufifrons),2.65955,2.65944,4813.18,16.2078,15.3532,0.854663,0.888439,2033
(Hyphydrus_ovatus;Hydroporus_tristis),2.64491,2.62973,4682.17,3.02969,0.59175,2.43794,0.992768,2024
(Hyphydrus_ovatus;Hydroporus_nigrita),2.63086,2.61884,4799.24,1.65285,0.239114,1.41373,1.0556,2093
(Hyphydrus_ovatus;Hydroporus_lapponum),2.64365,2.64226,4887.64,12.2184,9.55057,2.66783,0.61015,2093
(Hyphydrus_ovatus;Hydroporus_submuticus),2.64659,2.64909,4915.2,18.7934,15.2476,3.5458,0.473909,2093
(Hyphydrus_ovatus;Hydroporus_pilosus),2.64834,2.63911,4874.59,3.8683,1.28524,2.58305,1.08814,2093
(Hyphydrus_ovatus;Hydroporus_pubescens),2.63864,2.63363,4856.95,5.45338,4.36177,1.09162,1.02215,2093
(Hyphydrus_ovatus;Hydroporus_tessellatus),2.64717,2.6359,4853.89,2.523,0.424473,2.09853,0.317039,2090
(Heterosternusa_pulcher;Neoporus_arizonicus),2.75859,2.75554,5310.44,6.94737,3.28507,3.6623,-1.46597,2094
(Heterosternusa_pulcher;Neoporus_undulatus),2.7283,2.72638,5137.66,8.6183,6.06795,2.55035,-0.829662,2067
(Heterosternusa_pulcher;Hydrocolus_sahlbergi),2.65344,2.65197,4913.8,2.9254,1.80812,1.11728,-0.0894576,2090
(Heterosternusa_pulcher;Suphrodytes_figuratus),2.65781,2.66408,4972.74,5.67826,3.52103,2.15724,0.560156,2094
(Heterosternusa_pulcher;Suphrodytes_dorsalis),2.65788,2.66505,4976.49,4.94457,4.77849,0.166087,-0.153113,2094
(Heterosternusa_pulcher;Hydroporus_scalesianus),2.65201,2.65744,4946.17,3.28794,2.76193,0.526015,0.330072,2093
(Heterosternusa_pulcher;Hydroporus_vagepictus),2.61003,2.60404,4747.32,4.97117,3.94657,1.02459,0.644644,2094
(Heterosternusa_pulcher;Hydroporus_longiusculus),2.68297,2.69152,5060.01,4.99164,3.79272,1.19892,-0.85714,2090
(Heterosternusa_pulcher;Hydroporus_carri),2.68205,2.6922,5029.91,5.34199,5.18859,0.153405,-0.340257,2076
(Heterosternusa_pulcher;Hydroporus_nigellus),2.65492,2.65823,4771.95,5.25936,5.0315,0.227858,-0.427737,2020
(Heterosternusa_pulcher;Hydroporus_niger),2.70237,2.69631,4735.69,5.66467,4.44936,1.21532,-0.863796,1949
(Heterosternusa_pulcher;Hydroporus_notabilis),2.65725,2.65774,4818.58,3.6176,2.12987,1.48773,-1.06886,2041
(Heterosternusa_pulcher;Hydroporus_appalachius),2.66524,2.67781,4977.29,4.18839,3.89307,0.295322,-0.106274,2077
(Heterosternusa_pulcher;Hydroporus_mannerheimi),2.66565,2.67442,5002.78,5.64421,3.03226,2.61196,-1.42698,2093
(Heterosternusa_pulcher;Hydroporus_neglectus),2.69881,2.69301,4809.86,9.75853,9.37042,0.38811,-0.132215,1983
(Heterosternusa_pulcher;Hydroporus_sinuatipes),2.7039,2.68458,4619.6,4.10994,2.35337,1.75657,-0.915359,1918
(Heterosternusa_pulcher;Hydroporus_obscurus),2.6752,2.68734,5055.5,9.25412,8.50256,0.751561,-0.605164,2093
(Heterosternusa_pulcher;Hydroporus_erythrocephalus),2.66053,2.66343,4924.74,3.28465,2.29861,0.986043,0.458177,2077
(Heterosternusa_pulcher;Hydroporus_puberulus),2.66225,2.66689,4944.64,6.71108,6.60431,0.106764,-0.0293943,2078
(Heterosternusa_pulcher;Hydroporus_axillaris),2.65956,2.66208,4954.34,1.03932,0.510681,0.528641,-0.169308,2093
(Heterosternusa_pulcher;Hydroporus_fortis),2.69253,2.68869,4776.42,4.38627,2.20482,2.18145,-0.0643589,1978
(Heterosternusa_pulcher;Hydroporus_kraatzii),2.65281,2.66042,4844.19,3.29945,2.14313,1.15631,0.671745,2046
(Heterosternusa_pulcher;Hydroporus_memnonius),2.66374,2.66114,4955.81,6.55078,2.41901,4.13177,-0.783675,2093
(Heterosternusa_pulcher;Hydroporus_rufifrons),2.67168,2.67869,4877.01,8.04096,6.39854,1.64241,0.56554,2033
(Heterosternusa_pulcher;Hydroporus_tristis),2.67133,2.66403,4805.66,3.52952,2.87311,0.656412,-0.354707,2025
(Heterosternusa_pulcher;Hydroporus_nigrita),2.63448,2.63039,4848.08,5.69278,3.53604,2.15674,1.21007,2094
(Heterosternusa_pulcher;Hydroporus_lapponum),2.66773,2.6741,5000.87,4.00466,3.63122,0.373447,-0.294526,2093
(Heterosternusa_pulcher;Hydroporus_submuticus),2.67381,2.68424,5039.81,6.5835,5.90173,0.681774,0.384998,2093
(Heterosternusa_pulcher;Hydroporus_pilosus),2.64314,2.64198,4890.63,2.82127,2.25605,0.565218,0.657045,2094
(Heterosternusa_pulcher;Hydroporus_pubescens),2.64446,2.64767,4911.3,1.95362,1.51526,0.438356,0.588751,2094
(Heterosternusa_pulcher;Hydroporus_tessellatus),2.62749,2.6244,4815.36,3.45423,2.03994,1.41429,0.00601228,2091
(Neoporus_arizonicus;Neoporus_undulatus),2.77448,2.76624,5281.07,5.04226,2.74215,2.30011,-0.539234,2067
(Neoporus_arizonicus;Hydrocolus_sahlbergi),2.64579,2.63856,4865.07,5.06691,0.692897,4.37402,-1.36566,2090
(Neoporus_arizonicus;Suphrodytes_figuratus),2.68512,2.68539,5047.21,10.5108,5.81101,4.69982,1.81113,2094
(Neoporus_arizonicus;Suphrodytes_dorsalis),2.6995,2.70063,5103.41,7.71476,7.60991,0.104841,0.33114,2094
(Neoporus_arizonicus;Hydroporus_scalesianus),2.67698,2.67646,5012.69,11.9195,5.05693,6.86261,1.58694,2093
(Neoporus_arizonicus;Hydroporus_vagepictus),2.61702,2.60549,4751.87,5.14065,0.925008,4.21564,1.33414,2094
(Neoporus_arizonicus;Hydroporus_longiusculus),2.6699,2.6725,4989.34,9.97482,7.73181,2.24301,0.593678,2090
(Neoporus_arizonicus;Hydroporus_carri),2.67207,2.67571,4968.07,13.3259,8.48844,4.83747,1.22638,2076
(Neoporus_arizonicus;Hydroporus_nigellus),2.64885,2.64544,4725.81,7.32931,5.87764,1.45167,0.654052,2020
(Neoporus_arizonicus;Hydroporus_niger),2.67802,2.66438,4625.93,9.60424,6.69002,2.91421,0.541766,1949
(Neoporus_arizonicus;Hydroporus_notabilis),2.65786,2.65149,4796.66,4.46639,1.5683,2.8981,-0.0745982,2041
(Neoporus_arizonicus;Hydroporus_appalachius),2.65231,2.6583,4907.1,12.3474,10.2157,2.1317,0.838786,2077
(Neoporus_arizonicus;Hydroporus_mannerheimi),2.65275,2.65559,4935.5,11.7497,8.11508,3.6346,0.275576,2093
(Neoporus_arizonicus;Hydroporus_neglectus),2.69433,2.68111,4765.4,10.0993,9.05448,1.04484,0.650873,1983
(Neoporus_arizonicus;Hydroporus_sinuatipes),2.69839,2.67286,4578.47,10.2502,1.68342,8.56679,0.830177,1918
(Neoporus_arizonicus;Hydroporus_obscurus),2.67265,2.67872,5023.97,15.5418,14.3928,1.14901,0.739131,2093
(Neoporus_arizonicus;Hydroporus_erythrocephalus),2.64589,2.64247,4848.45,4.36324,1.57259,2.79065,1.23864,2077
(Neoporus_arizonicus;Hydroporus_puberulus),2.67225,2.6706,4955.02,5.49067,4.967,0.523672,0.343846,2078
(Neoporus_arizonicus;Hydroporus_axillaris),2.65106,2.64788,4900.97,6.1941,1.65183,4.54227,1.2901,2093
(Neoporus_arizonicus;Hydroporus_fortis),2.67701,2.66596,4697.29,7.33714,3.74154,3.5956,1.37033,1978
(Neoporus_arizonicus;Hydroporus_kraatzii),2.65823,2.65926,4838.23,9.1458,6.83214,2.31367,1.10484,2046
(Neoporus_arizonicus;Hydroporus_memnonius),2.65781,2.64951,4910.31,6.18641,3.03104,3.15538,0.0653174,2093
(Neoporus_arizonicus;Hydroporus_rufifrons),2.65848,2.65962,4812.21,17.6266,12.3413,5.28528,1.32754,2033
(Neoporus_arizonicus;Hydroporus_tristis),2.6743,2.66056,4792.7,3.66268,0.456577,3.2061,0.805894,2025
(Neoporus_arizonicus;Hydroporus_nigrita),2.64433,2.63459,4860.08,5.65862,0.307563,5.35106,1.6575,2094
(Neoporus_arizonicus;Hydroporus_lapponum),2.66502,2.66561,4969.14,7.21353,6.11698,1.09655,0.74323,2093
(Neoporus_arizonicus;Hydroporus_submuticus),2.67192,2.67637,5011.3,15.1348,11.1831,3.9517,1.41191,2093
(Neoporus_arizonicus;Hydroporus_pilosus),2.66333,2.65644,4941.98,12.2289,0.467507,11.7614,2.11428,2094
(Neoporus_arizonicus;Hydroporus_pubescens),2.65422,2.65156,4921.85,3.96111,2.46381,1.4973,0.943818,2094
(Neoporus_arizonicus;Hydroporus_tessellatus),2.65653,2.64759,4897.8,4.46822,0.326245,4.14197,1.06966,2091
(Neoporus_undulatus;Hydrocolus_sahlbergi),2.67744,2.67067,4918.37,1.35429,1.11401,0.240273,-0.3585,2064
(Neoporus_undulatus;Suphrodytes_figuratus),2.69772,2.6987,5033.33,10.6692,9.05883,1.61036,1.18549,2068
(Neoporus_undulatus;Suphrodytes_dorsalis),2.69082,2.69266,5015.87,11.3869,9.88604,1.50091,-0.0138749,2068
(Neoporus_undulatus;Hydroporus_scalesianus),2.6967,2.69765,5025.63,8.00011,6.27858,1.72154,0.703091,2067
(Neoporus_undulatus;Hydroporus_vagepictus),2.61993,2.60842,4702.74,4.93198,3.74612,1.18586,0.0988588,2068
(Neoporus_undulatus;Hydroporus_longiusculus),2.67804,2.68092,4968.61,11.4483,8.99576,2.45253,0.393111,2067
(Neoporus_undulatus;Hydroporus_carri),2.67812,2.68139,4970.92,12.9796,9.3805,3.59906,0.805826,2067
(Neoporus_undulatus;Hydroporus_nigellus),2.66494,2.66135,4784.95,7.53373,6.73371,0.800019,0.348727,2021
(Neoporus_undulatus;Hydroporus_niger),2.69902,2.68607,4701.78,5.529,4.85709,0.67191,-0.213432,1950
(Neoporus_undulatus;Hydroporus_notabilis),2.66705,2.65973,4803.59,2.77389,1.39827,1.37562,0.167193,2032
(Neoporus_undulatus;Hydroporus_appalachius),2.67751,2.68285,4973.85,13.8333,13.2053,0.628043,0.531434,2067
(Neoporus_undulatus;Hydroporus_mannerheimi),2.67052,2.67409,4940.73,9.97027,9.35078,0.619492,-0.576488,2067
(Neoporus_undulatus;Hydroporus_neglectus),2.71403,2.70171,4837.58,11.2451,11.0106,0.234511,0.526651,1983
(Neoporus_undulatus;Hydroporus_sinuatipes),2.70024,2.67593,4591.54,5.84769,3.83905,2.00864,0.366228,1919
(Neoporus_undulatus;Hydroporus_obscurus),2.67871,2.68549,4988.47,17.5998,15.7646,1.83521,0.766937,2067
(Neoporus_undulatus;Hydroporus_erythrocephalus),2.65858,2.65418,4869.58,2.89889,1.21187,1.68702,0.687992,2067
(Neoporus_undulatus;Hydroporus_puberulus),2.67606,2.67351,4941.08,3.47238,3.19225,0.280129,0.020302,2068
(Neoporus_undulatus;Hydroporus_axillaris),2.65797,2.65519,4870.31,4.85276,3.2389,1.61387,0.481758,2067
(Neoporus_undulatus;Hydroporus_fortis),2.67511,2.66409,4697.79,10.4298,7.08128,3.3485,1.18458,1979
(Neoporus_undulatus;Hydroporus_kraatzii),2.66502,2.66608,4866.31,12.5175,8.21506,4.30249,0.956548,2047
(Neoporus_undulatus;Hydroporus_memnonius),2.66695,2.65916,4886.39,8.29113,6.10687,2.18426,-0.927602,2067
(Neoporus_undulatus;Hydroporus_rufifrons),2.67466,2.67677,4812.69,15.7371,14.3834,1.35373,0.639002,2007
(Neoporus_undulatus;Hydroporus_tristis),2.66383,2.65053,4696.64,3.90179,2.70783,1.19396,0.863964,1999
(Neoporus_undulatus;Hydroporus_nigrita),2.6258,2.61644,4737.94,9.20718,2.72831,6.47887,1.56724,2068
(Neoporus_undulatus;Hydroporus_lapponum),2.66861,2.66988,4925.62,6.73627,5.72165,1.01462,0.731449,2067
(Neoporus_undulatus;Hydroporus_submuticus),2.66764,2.67279,4940,12.1677,11.2931,0.874596,0.781334,2067
(Neoporus_undulatus;Hydroporus_pilosus),2.64259,2.63579,4805.92,7.52897,2.43478,5.09419,1.68212,2068
(Neoporus_undulatus;Hydroporus_pubescens),2.6553,2.65319,4868.96,5.37949,5.07984,0.299653,0.448956,2068
(Neoporus_undulatus;Hydroporus_tessellatus),2.63881,2.63081,4785.25,3.25924,1.55096,1.70828,-0.796222,2068
(Hydrocolus_sahlbergi;Suphrodytes_figuratus),2.72414,2.72673,5199.56,8.23797,4.11769,4.12027,0.61694,2092
(Hydrocolus_sahlbergi;Suphrodytes_dorsalis),2.74228,2.7457,5269.01,6.47362,5.84575,0.627871,-0.193373,2092
(Hydrocolus_sahlbergi;Hydroporus_scalesianus),2.70447,2.70617,5116.96,6.9011,2.41769,4.48342,0.373877,2091
(Hydrocolus_sahlbergi;Hydroporus_vagepictus),2.7082,2.69873,5087.59,4.63974,4.11552,0.524222,0.700762,2092
(Hydrocolus_sahlbergi;Hydroporus_longiusculus),2.74103,2.74626,5262.21,8.08169,6.16939,1.9123,0.323887,2089
(Hydrocolus_sahlbergi;Hydroporus_carri),2.74694,2.75327,5252.76,7.93864,6.50336,1.43528,0.606382,2075
(Hydrocolus_sahlbergi;Hydroporus_nigellus),2.75966,2.75921,5131.32,7.65098,4.64428,3.0067,0.739815,2019
(Hydrocolus_sahlbergi;Hydroporus_niger),2.76672,2.75836,4951.6,5.14719,2.2626,2.88459,1.23619,1949
(Hydrocolus_sahlbergi;Hydroporus_notabilis),2.73386,2.73054,5079.03,1.99447,0.249488,1.74498,0.832322,2040
(Hydrocolus_sahlbergi;Hydroporus_appalachius),2.74468,2.75341,5256.25,13.9231,9.38794,4.53514,0.396915,2076
(Hydrocolus_sahlbergi;Hydroporus_mannerheimi),2.73941,2.74481,5262.5,10.4963,6.10268,4.39358,1.03809,2092
(Hydrocolus_sahlbergi;Hydroporus_neglectus),2.74542,2.73636,4955.33,14.1926,6.05089,8.14175,1.71747,1982
(Hydrocolus_sahlbergi;Hydroporus_sinuatipes),2.76505,2.74477,4825.28,2.37749,0.710236,1.66725,-0.0199237,1918
(Hydrocolus_sahlbergi;Hydroporus_obscurus),2.72773,2.73653,5236.66,14.4026,12.1263,2.27625,1.05221,2092
(Hydrocolus_sahlbergi;Hydroporus_erythrocephalus),2.72421,2.72315,5143.29,4.1181,0.591858,3.52624,-0.863726,2076
(Hydrocolus_sahlbergi;Hydroporus_puberulus),2.73908,2.73958,5200.98,2.8852,2.40555,0.479655,-0.204954,2076
(Hydrocolus_sahlbergi;Hydroporus_axillaris),2.7436,2.74291,5253.11,4.10146,1.00823,3.09323,0.850276,2092
(Hydrocolus_sahlbergi;Hydroporus_fortis),2.75773,2.75045,4995.26,11.1508,3.72099,7.42976,1.27371,1978
(Hydrocolus_sahlbergi;Hydroporus_kraatzii),2.74233,2.74577,5144.04,8.29683,5.29851,2.99832,0.508732,2044
(Hydrocolus_sahlbergi;Hydroporus_memnonius),2.7176,2.71165,5132.26,6.25028,4.23778,2.01251,-0.254162,2091
(Hydrocolus_sahlbergi;Hydroporus_rufifrons),2.75694,2.76151,5175.63,10.5088,10.2532,0.255619,0.246055,2032
(Hydrocolus_sahlbergi;Hydroporus_tristis),2.74038,2.73027,5035.38,8.34475,1.6765,6.66825,1.13613,2023
(Hydrocolus_sahlbergi;Hydroporus_nigrita),2.72833,2.72061,5170.69,4.9895,2.22077,2.76873,1.40921,2092
(Hydrocolus_sahlbergi;Hydroporus_lapponum),2.74706,2.7503,5283.68,6.3169,4.01617,2.30073,0.61385,2092
(Hydrocolus_sahlbergi;Hydroporus_submuticus),2.75242,2.75961,5321.25,11.9769,9.67548,2.30147,0.23011,2092
(Hydrocolus_sahlbergi;Hydroporus_pilosus),2.72561,2.72098,5170.26,1.91342,0.952127,0.961293,0.924624,2092
(Hydrocolus_sahlbergi;Hydroporus_pubescens),2.75799,2.7571,5307.61,3.59976,2.079,1.52075,0.659113,2092
(Hydrocolus_sahlbergi;Hydroporus_tessellatus),2.70242,2.69572,5070.11,2.53123,1.16442,1.36681,0.491477,2089
(Suphrodytes_figuratus;Suphrodytes_dorsalis),2.87252,2.88328,5810.29,2.09091,0.265056,1.82585,-0.88308,2096
(Suphrodytes_figuratus;Hydroporus_scalesianus),2.74359,2.75288,5302.46,5.98708,2.40745,3.57963,0.600472,2095
(Suphrodytes_figuratus;Hydroporus_vagepictus),2.72691,2.72471,5197.83,18.2201,12.1062,6.11388,1.67198,2096
(Suphrodytes_figuratus;Hydroporus_longiusculus),2.75924,2.77218,5371.75,8.71198,1.3257,7.38628,0.611479,2092
(Suphrodytes_figuratus;Hydroporus_carri),2.76208,2.77625,5351.75,8.70598,2.12313,6.58285,0.552158,2078
(Suphrodytes_figuratus;Hydroporus_nigellus),2.75536,2.76194,5152.52,5.55238,2.1637,3.38868,-0.00494836,2022
(Suphrodytes_figuratus;Hydroporus_niger),2.78397,2.7813,5040.84,6.26061,3.58547,2.67514,0.416238,1951
(Suphrodytes_figuratus;Hydroporus_notabilis),2.74191,2.74537,5145.78,10.8276,5.35938,5.46826,-1.48367,2043
(Suphrodytes_figuratus;Hydroporus_appalachius),2.7652,2.7817,5372.6,7.76989,4.69611,3.07378,-0.0745777,2079
(Suphrodytes_figuratus;Hydroporus_mannerheimi),2.75282,2.76574,5352.53,8.32303,3.85894,4.46409,0.246946,2095
(Suphrodytes_figuratus;Hydroporus_neglectus),2.7816,2.77892,5115.81,7.2368,2.16519,5.07161,0.825156,1984
(Suphrodytes_figuratus;Hydroporus_sinuatipes),2.78697,2.77124,4924.29,5.92121,1.43586,4.48536,-0.193758,1920
(Suphrodytes_figuratus;Hydroporus_obscurus),2.75451,2.77096,5375.31,6.26818,4.14847,2.1197,-1.15804,2095
(Suphrodytes_figuratus;Hydroporus_erythrocephalus),2.73035,2.73692,5207.7,-nan,5.60462,-nan,-nan,2079
(Suphrodytes_figuratus;Hydroporus_puberulus),2.74282,2.75108,5260.03,4.02078,3.84654,0.17424,0.0137136,2080
(Suphrodytes_figuratus;Hydroporus_axillaris),2.7452,2.7518,5298.97,7.88882,2.31088,5.57794,0.737639,2095
(Suphrodytes_figuratus;Hydroporus_fortis),2.76224,2.76126,5043.37,8.17705,0.0659399,8.11111,-nan,1980
(Suphrodytes_figuratus;Hydroporus_kraatzii),2.73554,2.74684,5164.28,5.17123,3.43259,1.73864,0.502314,2048
(Suphrodytes_figuratus;Hydroporus_memnonius),2.72904,2.73039,5216.79,13.7566,12.7995,0.957107,-1.21436,2095
(Suphrodytes_figuratus;Hydroporus_rufifrons),2.77329,2.78462,5274.15,-nan,4,-nan,-nan,2035
(Suphrodytes_figuratus;Hydroporus_tristis),2.76392,2.75983,5157.52,9.77511,4.66026,5.11486,1.23401,2027
(Suphrodytes_figuratus;Hydroporus_nigrita),2.71577,2.71568,5165.93,13.3447,8.16746,5.17727,1.40637,2096
(Suphrodytes_figuratus;Hydroporus_lapponum),2.75416,2.76483,5350.59,5.07628,2.86107,2.21521,-0.345566,2095
(Suphrodytes_figuratus;Hydroporus_submuticus),2.76193,2.77671,5397.87,5.7839,4.2107,1.57321,-0.336334,2095
(Suphrodytes_figuratus;Hydroporus_pilosus),2.75309,2.75589,5315.89,8.67527,4.5589,4.11637,0.736987,2096
(Suphrodytes_figuratus;Hydroporus_pubescens),2.74706,2.75372,5307.11,5.40223,1.42833,3.9739,1.31752,2096
(Suphrodytes_figuratus;Hydroporus_tessellatus),2.72733,2.72805,5202.86,9.822,8.73277,1.08924,-1.15159,2093
(Suphrodytes_dorsalis;Hydroporus_scalesianus),2.73647,2.74676,5280.92,7.70163,2.34836,5.35327,0.261941,2095
(Suphrodytes_dorsalis;Hydroporus_vagepictus),2.71951,2.71822,5174.12,14.987,14.172,0.815011,0.697877,2096
(Suphrodytes_dorsalis;Hydroporus_longiusculus),2.77811,2.79184,5445.02,6.67216,1.19582,5.47635,1.10301,2092
(Suphrodytes_dorsalis;Hydroporus_carri),2.78108,2.79606,5425.11,6.00753,1.47347,4.53405,1.12408,2078
(Suphrodytes_dorsalis;Hydroporus_nigellus),2.75924,2.76636,5165.99,3.05306,0.803957,2.2491,1.03709,2022
(Suphrodytes_dorsalis;Hydroporus_niger),2.78736,2.78452,5050.6,6.9952,2.3718,4.6234,1.44721,1951
(Suphrodytes_dorsalis;Hydroporus_notabilis),2.74432,2.74847,5156.21,6.6197,5.4192,1.20049,0.437636,2043
(Suphrodytes_dorsalis;Hydroporus_appalachius),2.76033,2.77742,5354.87,7.11578,4.08516,3.03062,0.597387,2079
(Suphrodytes_dorsalis;Hydroporus_mannerheimi),2.75994,2.7736,5381.17,8.59239,3.7255,4.86689,0.953208,2095
(Suphrodytes_dorsalis;Hydroporus_neglectus),2.79159,2.78885,5151.78,10.5782,0.959854,9.61833,0.399635,1984
(Suphrodytes_dorsalis;Hydroporus_sinuatipes),2.78056,2.76508,4901.91,3.79412,2.43761,1.35651,0.514048,1920
(Suphrodytes_dorsalis;Hydroporus_obscurus),2.76082,2.7781,5401.28,3.56061,3.34675,0.21386,-0.195881,2095
(Suphrodytes_dorsalis;Hydroporus_erythrocephalus),2.7359,2.74328,5229.46,7.88889,6.32982,1.55907,1.00526,2079
(Suphrodytes_dorsalis;Hydroporus_puberulus),2.76357,2.77278,5341.29,6.06618,4.0897,1.97648,0.46152,2080
(Suphrodytes_dorsalis;Hydroporus_axillaris),2.74894,2.75625,5312.17,4.83152,3.01425,1.81726,0.821333,2095
(Suphrodytes_dorsalis;Hydroporus_fortis),2.7731,2.77199,5079.35,5.29778,0.556769,4.74101,1.16416,1980
(Suphrodytes_dorsalis;Hydroporus_kraatzii),2.75399,2.7661,5233.11,5.51269,3.47122,2.04147,1.03091,2048
(Suphrodytes_dorsalis;Hydroporus_memnonius),2.74481,2.74698,5279.22,17.2059,15.6667,1.53917,-nan,2095
(Suphrodytes_dorsalis;Hydroporus_rufifrons),2.78213,2.79444,5307.05,6.2671,2.70284,3.56426,1.27016,2035
(Suphrodytes_dorsalis;Hydroporus_tristis),2.77779,2.77541,5214.18,12.6555,9.04289,3.61264,1.00719,2027
(Suphrodytes_dorsalis;Hydroporus_nigrita),2.73226,2.73288,5228.68,13.5984,10.4139,3.18451,1.12423,2096
(Suphrodytes_dorsalis;Hydroporus_lapponum),2.76428,2.77567,5389.13,4.25,2.91462,1.33538,0.490719,2095
(Suphrodytes_dorsalis;Hydroporus_submuticus),2.77528,2.7907,5448.17,3.91977,3.76436,0.155407,-0.0788649,2095
(Suphrodytes_dorsalis;Hydroporus_pilosus),2.74898,2.75258,5303.16,9.9669,5.79684,4.17006,0.176689,2096
(Suphrodytes_dorsalis;Hydroporus_pubescens),2.77381,2.78121,5411.08,5.85712,2.49703,3.36009,0.340121,2096
(Suphrodytes_dorsalis;Hydroporus_tessellatus),2.73438,2.7359,5231.38,12.1968,10.4662,1.73061,-1.35937,2093
(Hydroporus_scalesianus;Hydroporus_vagepictus),2.71683,2.71386,5153.66,15.3077,11.8164,3.49132,1.32073,2095
(Hydroporus_scalesianus;Hydroporus_longiusculus),2.73399,2.74594,5265.89,2.62745,1.43737,1.19008,-0.828743,2091
(Hydroporus_scalesianus;Hydroporus_carri),2.74237,2.7564,5270.53,1.88568,0.821342,1.06434,-0.775669,2077
(Hydroporus_scalesianus;Hydroporus_nigellus),2.73426,2.74062,5069.79,2.69747,1.22628,1.47119,-0.871402,2021
(Hydroporus_scalesianus;Hydroporus_niger),2.77244,2.76935,4992.46,0.425792,0.064098,0.361694,-0.438207,1950
(Hydroporus_scalesianus;Hydroporus_notabilis),2.73164,2.73448,5099.05,3.77864,1.83018,1.94846,-1.08542,2042
(Hydroporus_scalesianus;Hydroporus_appalachius),2.74093,2.75739,5277.42,4.64814,3.04323,1.60492,-0.473516,2078
(Hydroporus_scalesianus;Hydroporus_mannerheimi),2.72211,2.73418,5227.74,3.94101,1.31797,2.62304,-1.0921,2094
(Hydroporus_scalesianus;Hydroporus_neglectus),2.84157,2.83929,5336.97,11.8184,7.13499,4.6834,1.41461,1984
(Hydroporus_scalesianus;Hydroporus_sinuatipes),2.78367,2.76875,4910.42,8.77273,4.35676,4.41597,-1.26178,1919
(Hydroporus_scalesianus;Hydroporus_obscurus),2.72776,2.74323,5265.26,4.13045,3.93897,0.191476,0.354043,2094
(Hydroporus_scalesianus;Hydroporus_erythrocephalus),2.72505,2.7316,5180.94,4.30458,1.96196,2.34262,-0.117251,2078
(Hydroporus_scalesianus;Hydroporus_puberulus),2.72334,2.73154,5184.13,3.80836,1.86363,1.94473,1.01288,2079
(Hydroporus_scalesianus;Hydroporus_axillaris),2.73283,2.73862,5243.45,2.27064,1.57276,0.697884,-0.566825,2094
(Hydroporus_scalesianus;Hydroporus_fortis),2.75234,2.75093,4999.93,5.57749,2.6441,2.9334,-0.0892637,1979
(Hydroporus_scalesianus;Hydroporus_kraatzii),2.75531,2.76686,5233.6,-nan,0.744966,-nan,-nan,2047
(Hydroporus_scalesianus;Hydroporus_memnonius),2.73363,2.73438,5231.88,14.1294,10.5915,3.53792,-1.29153,2094
(Hydroporus_scalesianus;Hydroporus_rufifrons),2.75951,2.76956,5209.34,4.54591,3.63798,0.907927,-0.620578,2034
(Hydroporus_scalesianus;Hydroporus_tristis),2.76961,2.76517,5174.49,5.42749,4.74913,0.678367,0.126523,2027
(Hydroporus_scalesianus;Hydroporus_nigrita),2.74388,2.74294,5262.1,10.1758,8.5706,1.60516,1.03526,2095
(Hydroporus_scalesianus;Hydroporus_lapponum),2.74503,2.75499,5308.4,2.19913,0.132483,2.06665,-0.641241,2094
(Hydroporus_scalesianus;Hydroporus_submuticus),2.74318,2.75726,5318.81,3.43267,2.25297,1.1797,-0.426756,2094
(Hydroporus_scalesianus;Hydroporus_pilosus),2.74404,2.746,5275.83,7.61385,5.04044,2.57341,0.882036,2095
(Hydroporus_scalesianus;Hydroporus_pubescens),2.74916,2.75502,5308.43,3.26985,2.87075,0.399102,0.493146,2095
(Hydroporus_scalesianus;Hydroporus_tessellatus),2.73192,2.7319,5214.56,8.21964,6.98662,1.23302,-0.728503,2092
(Hydroporus_vagepictus;Hydroporus_longiusculus),2.70759,2.70773,5125.03,18.2203,15.8025,2.41778,-1.11279,2092
(Hydroporus_vagepictus;Hydroporus_carri),2.70699,2.70766,5091.51,19.7569,18.2619,1.49505,-0.904011,2078
(Hydroporus_vagepictus;Hydroporus_nigellus),2.68476,2.6783,4848.28,15.0778,13.1191,1.95876,-1.26196,2022
(Hydroporus_vagepictus;Hydroporus_niger),2.75915,2.74484,4907.36,15.3342,11.9959,3.33838,-1.18727,1951
(Hydroporus_vagepictus;Hydroporus_notabilis),2.71174,2.70268,4983.19,6.15644,5.01363,1.14281,-0.909692,2043
(Hydroporus_vagepictus;Hydroporus_appalachius),2.70534,2.70829,5094.45,22.0254,18.15,3.87539,-1.48059,2079
(Hydroporus_vagepictus;Hydroporus_mannerheimi),2.70787,2.70814,5132.84,21.017,15.8635,5.15354,-2.0354,2095
(Hydroporus_vagepictus;Hydroporus_neglectus),2.73041,2.71604,4888.91,16.8066,14.9461,1.86046,0.824993,1984
(Hydroporus_vagepictus;Hydroporus_sinuatipes),2.79386,2.768,4908.85,9.4807,4.75204,4.72866,-1.50526,1920
(Hydroporus_vagepictus;Hydroporus_obscurus),2.71306,2.71647,5166.69,26.2131,24.1042,2.10888,-1.05094,2095
(Hydroporus_vagepictus;Hydroporus_erythrocephalus),2.69865,2.69219,5036.38,12.7359,7.01406,5.72184,-0.888788,2079
(Hydroporus_vagepictus;Hydroporus_puberulus),2.72693,2.72236,5148.53,13.9535,11.6327,2.32087,-1.13453,2080
(Hydroporus_vagepictus;Hydroporus_axillaris),2.71747,2.71195,5143.52,7.83641,5.32762,2.50879,-1.36392,2095
(Hydroporus_vagepictus;Hydroporus_fortis),2.7384,2.72498,4908.06,11.8024,10.3611,1.44125,-0.638147,1980
(Hydroporus_vagepictus;Hydroporus_kraatzii),2.72857,2.72643,5085.98,18.0219,16.1058,1.91607,-0.654307,2048
(Hydroporus_vagepictus;Hydroporus_memnonius),2.70646,2.69592,5083.28,5.02382,3.11884,1.90498,-1.27912,2095
(Hydroporus_vagepictus;Hydroporus_rufifrons),2.73177,2.7312,5074.19,23.3998,20.9995,2.40025,-1.44842,2035
(Hydroporus_vagepictus;Hydroporus_tristis),2.8167,2.80243,5312.65,2.67215,2.09032,0.581825,0.714996,2027
(Hydroporus_vagepictus;Hydroporus_nigrita),2.7361,2.72444,5193.64,0.891884,0.661947,0.229937,-0.454554,2096
(Hydroporus_vagepictus;Hydroporus_lapponum),2.70963,2.70785,5131.89,15.3776,13.7132,1.66439,-0.484866,2095
(Hydroporus_vagepictus;Hydroporus_submuticus),2.71821,2.72019,5180.57,25.0689,21.5674,3.50143,-1.27798,2095
(Hydroporus_vagepictus;Hydroporus_pilosus),2.72965,2.72076,5182.48,4.38538,2.64116,1.74421,0.073771,2096
(Hydroporus_vagepictus;Hydroporus_pubescens),2.74114,2.73586,5237.6,8.53978,5.85844,2.68134,0.513162,2096
(Hydroporus_vagepictus;Hydroporus_tessellatus),2.73418,2.7233,5180.81,11.096,1.79264,9.30332,-2.4368,2093
(Hydroporus_longiusculus;Hydroporus_carri),2.97632,2.99232,6202.19,-nan,4,-nan,-nan,2078
(Hydroporus_longiusculus;Hydroporus_nigellus),2.86633,2.87489,5574.08,-nan,2.30701,-nan,-nan,2022
(Hydroporus_longiusculus;Hydroporus_niger),2.84463,2.84426,5267.18,-nan,1.59801,-nan,-nan,1951
(Hydroporus_longiusculus;Hydroporus_notabilis),2.80532,2.81104,5389.29,9.43514,6.83785,2.59729,-nan,2043
(Hydroporus_longiusculus;Hydroporus_appalachius),2.82996,2.84847,5626.97,-nan,1.64768,-nan,-nan,2079
(Hydroporus_longiusculus;Hydroporus_mannerheimi),2.8224,2.83789,5620.61,-nan,1.37532,-nan,-nan,2092
(Hydroporus_longiusculus;Hydroporus_neglectus),2.76914,2.76925,5081.52,6.27908,3.84452,2.43456,0.555787,1984
(Hydroporus_longiusculus;Hydroporus_sinuatipes),2.84325,2.83236,5141.58,-nan,10.0503,-nan,-nan,1920
(Hydroporus_longiusculus;Hydroporus_obscurus),2.79764,2.81673,5540.25,-nan,1.39362,-nan,-nan,2092
(Hydroporus_longiusculus;Hydroporus_erythrocephalus),2.76931,2.7779,5356.52,7.15572,5.32752,1.8282,0.12573,2079
(Hydroporus_longiusculus;Hydroporus_puberulus),2.74284,2.75304,5261.38,6.37256,4.40064,1.97192,0.420619,2079
(Hydroporus_longiusculus;Hydroporus_axillaris),2.81388,2.8231,5561.82,5.26467,4.01991,1.24476,1.01295,2092
(Hydroporus_longiusculus;Hydroporus_fortis),2.82611,2.82767,5282.68,-nan,2.83877,-nan,-nan,1980
(Hydroporus_longiusculus;Hydroporus_kraatzii),2.76748,2.78078,5284.21,3.77769,1.02621,2.75149,0.801566,2047
(Hydroporus_longiusculus;Hydroporus_memnonius),2.71715,2.72094,5171.9,20.1818,12.8512,7.3306,0.594723,2091
(Hydroporus_longiusculus;Hydroporus_rufifrons),2.81266,2.82629,5415.72,5.52986,1.01495,4.51491,0.0522551,2032
(Hydroporus_longiusculus;Hydroporus_tristis),2.74752,2.74606,5098.04,12.4127,8.05199,4.36071,1.45192,2023
(Hydroporus_longiusculus;Hydroporus_nigrita),2.73551,2.73775,5237.15,16.6293,12.8149,3.81434,1.44549,2092
(Hydroporus_longiusculus;Hydroporus_lapponum),2.84997,2.86319,5719.9,-nan,2.16503,-nan,-nan,2092
(Hydroporus_longiusculus;Hydroporus_submuticus),2.85217,2.86955,5746.01,-nan,1.61531,-nan,-nan,2092
(Hydroporus_longiusculus;Hydroporus_pilosus),2.73625,2.74142,5250.17,8.47055,7.3226,1.14795,0.517355,2092
(Hydroporus_longiusculus;Hydroporus_pubescens),2.74645,2.75573,5306.29,7.15894,3.92661,3.23233,1.44124,2092
(Hydroporus_longiusculus;Hydroporus_tessellatus),2.7156,2.71879,5164.63,12.0622,10.131,1.93116,0.483482,2092
(Hydroporus_carri;Hydroporus_nigellus),2.86649,2.87546,5576.48,-nan,1.29385,-nan,-nan,2022
(Hydroporus_carri;Hydroporus_niger),2.84046,2.84049,5253.54,-nan,1.86597,-nan,-nan,1951
(Hydroporus_carri;Hydroporus_notabilis),2.80134,2.80743,5375.88,10.0139,7.72483,2.28906,-nan,2043
(Hydroporus_carri;Hydroporus_appalachius),2.82442,2.84337,5607.41,-nan,2.60087,-nan,-nan,2079
(Hydroporus_carri;Hydroporus_mannerheimi),2.81977,2.83678,5581.47,-nan,2.02302,-nan,-nan,2079
(Hydroporus_carri;Hydroporus_neglectus),2.77177,2.77184,5091.29,5.72711,3.44436,2.28274,0.597688,1984
(Hydroporus_carri;Hydroporus_sinuatipes),2.83989,2.82888,5129.79,-nan,10.9008,-nan,-nan,1920
(Hydroporus_carri;Hydroporus_obscurus),2.80083,2.82113,5520.36,-nan,1.44419,-nan,-nan,2078
(Hydroporus_carri;Hydroporus_erythrocephalus),2.77364,2.78235,5371.22,7.84818,6.09382,1.75436,0.18181,2078
(Hydroporus_carri;Hydroporus_puberulus),2.74317,2.75348,5261.02,5.55489,3.65516,1.89973,0.471039,2078
(Hydroporus_carri;Hydroporus_axillaris),2.82361,2.83394,5567.23,-nan,5.49013,-nan,-nan,2078
(Hydroporus_carri;Hydroporus_fortis),2.82627,2.82817,5285.13,-nan,3.72629,-nan,-nan,1980
(Hydroporus_carri;Hydroporus_kraatzii),2.76508,2.77874,5276.55,5.02135,1.5582,3.46315,0.778039,2047
(Hydroporus_carri;Hydroporus_memnonius),2.72216,2.72708,5160.81,23.0334,15.4632,7.57016,0.672772,2077
(Hydroporus_carri;Hydroporus_rufifrons),2.82334,2.83863,5425.02,5.21538,1.60862,3.60677,0.190158,2018
(Hydroporus_carri;Hydroporus_tristis),2.75038,2.74964,5076.26,13.5273,10.0423,3.48507,1.38899,2009
(Hydroporus_carri;Hydroporus_nigrita),2.73657,2.73988,5210.12,17.9464,13.98,3.96641,1.41959,2078
(Hydroporus_carri;Hydroporus_lapponum),2.85188,2.86627,5693.87,-nan,1.45371,-nan,-nan,2078
(Hydroporus_carri;Hydroporus_submuticus),2.85409,2.8727,5720.32,-nan,1.28375,-nan,-nan,2078
(Hydroporus_carri;Hydroporus_pilosus),2.74456,2.75082,5250.36,9.25998,8.48125,0.778737,0.550074,2078
(Hydroporus_carri;Hydroporus_pubescens),2.74677,2.75764,5277.81,6.10119,4.26733,1.83387,1.20521,2078
(Hydroporus_carri;Hydroporus_tessellatus),2.71727,2.72196,5141.1,11.7704,9.94237,1.82803,0.441009,2078
(Hydroporus_nigellus;Hydroporus_niger),2.84383,2.84226,5254.47,2.99336,2.23615,0.757213,-0.777473,1950
(Hydroporus_nigellus;Hydroporus_notabilis),2.82591,2.82719,5392.44,-nan,7.2886,-nan,-nan,2022
(Hydroporus_nigellus;Hydroporus_appalachius),2.83888,2.85056,5481.48,-nan,8.07573,-nan,-nan,2022
(Hydroporus_nigellus;Hydroporus_mannerheimi),2.83151,2.84122,5445.2,-nan,4.8514,-nan,-nan,2022
(Hydroporus_nigellus;Hydroporus_neglectus),2.77728,2.77161,4987.14,5.19022,1.18498,4.00524,1.44912,1944
(Hydroporus_nigellus;Hydroporus_sinuatipes),2.83786,2.82125,4994.48,-nan,6.55396,-nan,-nan,1880
(Hydroporus_nigellus;Hydroporus_obscurus),2.8043,2.81791,5359.1,-nan,5.46183,-nan,-nan,2022
(Hydroporus_nigellus;Hydroporus_erythrocephalus),2.78441,2.78695,5241.19,4.84804,4.22958,0.618454,0.382424,2022
(Hydroporus_nigellus;Hydroporus_puberulus),2.74899,2.75168,5109.82,1.82574,1.75522,0.0705202,-0.0736321,2022
(Hydroporus_nigellus;Hydroporus_axillaris),2.79899,2.80267,5300.24,6.481,3.63295,2.84804,-1.06992,2022
(Hydroporus_nigellus;Hydroporus_fortis),2.81891,2.81883,5203.84,5.56136,1.90917,3.65219,-0.471763,1963
(Hydroporus_nigellus;Hydroporus_kraatzii),2.74588,2.75476,5115.27,3.68794,2.6505,1.03744,0.86553,2019
(Hydroporus_nigellus;Hydroporus_memnonius),2.70923,2.70684,4946.24,16.2314,13.268,2.96343,0.243168,2021
(Hydroporus_nigellus;Hydroporus_rufifrons),2.82825,2.84029,5385.37,5.50595,4.06947,1.43648,0.373555,2001
(Hydroporus_nigellus;Hydroporus_tristis),2.73871,2.73455,4976.66,9.66586,7.147,2.51886,1.22834,1992
(Hydroporus_nigellus;Hydroporus_nigrita),2.71424,2.71067,4962.81,10.7443,8.8797,1.8646,1.2741,2022
(Hydroporus_nigellus;Hydroporus_lapponum),2.86003,2.86695,5542.79,-nan,3.49332,-nan,-nan,2022
(Hydroporus_nigellus;Hydroporus_submuticus),2.86398,2.87544,5576.35,-nan,5.21001,-nan,-nan,2022
(Hydroporus_nigellus;Hydroporus_pilosus),2.72755,2.72577,5017.09,8.95951,6.12394,2.83558,1.40286,2022
(Hydroporus_nigellus;Hydroporus_pubescens),2.72975,2.73286,5042.56,5.37457,3.17661,2.19795,1.33653,2022
(Hydroporus_nigellus;Hydroporus_tessellatus),2.71432,2.71175,4965.08,8.12455,7.48734,0.637215,0.46204,2022
(Hydroporus_niger;Hydroporus_notabilis),2.90458,2.89703,5461.23,-nan,4.38765,-nan,-nan,1951
(Hydroporus_niger;Hydroporus_appalachius),2.86391,2.8669,5350.3,7.68974,6.50672,1.18302,0.763157,1951
(Hydroporus_niger;Hydroporus_mannerheimi),2.85132,2.85225,5296.05,-nan,2.3565,-nan,-nan,1951
(Hydroporus_niger;Hydroporus_neglectus),2.79164,2.78426,5012.85,6.67893,5.01245,1.66648,0.500086,1937
(Hydroporus_niger;Hydroporus_sinuatipes),2.88855,2.87014,5145.99,-nan,5.01283,-nan,-nan,1873
(Hydroporus_niger;Hydroporus_obscurus),2.85004,2.85365,5301.35,10.0622,8.02264,2.03956,0.637191,1951
(Hydroporus_niger;Hydroporus_erythrocephalus),2.82612,2.81976,5174.91,1.79921,1.33916,0.460047,0.0798225,1951
(Hydroporus_niger;Hydroporus_puberulus),2.77492,2.76863,4991.71,2.33899,1.91574,0.423248,0.37053,1951
(Hydroporus_niger;Hydroporus_axillaris),2.8355,2.82959,5212.36,4.92822,1.80212,3.1261,0.0404776,1951
(Hydroporus_niger;Hydroporus_fortis),2.84603,2.84333,5262.29,6.67974,4.83758,1.84216,0.517897,1951
(Hydroporus_niger;Hydroporus_kraatzii),2.76794,2.76788,4988.92,1.44615,0.955706,0.490448,-0.109654,1950
(Hydroporus_niger;Hydroporus_memnonius),2.74831,2.73768,4881.31,15.6779,8.65939,7.01846,0.0240105,1950
(Hydroporus_niger;Hydroporus_rufifrons),2.84512,2.84653,5238.62,6.60358,4.65343,1.95015,-0.0146327,1938
(Hydroporus_niger;Hydroporus_tristis),2.79495,2.78011,4977.18,13.6171,8.38361,5.23351,0.295089,1929
(Hydroporus_niger;Hydroporus_nigrita),2.76191,2.74977,4925.25,9.9318,9.68915,0.242652,0.497771,1951
(Hydroporus_niger;Hydroporus_lapponum),2.84983,2.84699,5274.5,3.33516,0.095466,3.2397,0.470505,1951
(Hydroporus_niger;Hydroporus_submuticus),2.85818,2.85951,5321.41,7.39167,2.49379,4.89788,0.188937,1951
(Hydroporus_niger;Hydroporus_pilosus),2.76278,2.75321,4937.43,6.88827,5.41165,1.47662,-0.0242931,1951
(Hydroporus_niger;Hydroporus_pubescens),2.77703,2.7707,4998.87,6.7907,4.14674,2.64396,-0.0423938,1951
(Hydroporus_niger;Hydroporus_tessellatus),2.76262,2.75209,4930.79,7.08788,4.8083,2.27958,-1.11279,1951
(Hydroporus_notabilis;Hydroporus_appalachius),2.81396,2.82229,5431.72,13.7222,11.2838,2.43842,1.34575,2043
(Hydroporus_notabilis;Hydroporus_mannerheimi),2.8084,2.81523,5403.72,-nan,7.05288,-nan,-nan,2043
(Hydroporus_notabilis;Hydroporus_neglectus),2.77176,2.76131,4961.03,12.1333,7.67778,4.45556,0.864314,1949
(Hydroporus_notabilis;Hydroporus_sinuatipes),2.87661,2.85475,5122.9,5.06217,2.97394,2.08823,0.0226005,1885
(Hydroporus_notabilis;Hydroporus_obscurus),2.80411,2.81465,5403.72,17.8506,15.7352,2.1154,1.15511,2043
(Hydroporus_notabilis;Hydroporus_erythrocephalus),2.77969,2.77889,5264.77,0.743365,0.129183,0.614181,0.203558,2043
(Hydroporus_notabilis;Hydroporus_puberulus),2.73229,2.73212,5090.9,5.49397,2.83093,2.66304,0.79779,2043
(Hydroporus_notabilis;Hydroporus_axillaris),2.79984,2.80058,5348.02,3.24274,1.23518,2.00756,-1.01022,2043
(Hydroporus_notabilis;Hydroporus_fortis),2.82156,2.81709,5211.62,8.44161,6.52287,1.91874,0.566487,1968
(Hydroporus_notabilis;Hydroporus_kraatzii),2.73581,2.74,5076.07,6.49924,3.57036,2.92888,1.28911,2024
(Hydroporus_notabilis;Hydroporus_memnonius),2.71198,2.70696,4996.79,7.75064,4.27073,3.47992,0.751125,2042
(Hydroporus_notabilis;Hydroporus_rufifrons),2.81887,2.82616,5379.67,17.7275,12.8355,4.89201,0.660101,2018
(Hydroporus_notabilis;Hydroporus_tristis),2.76232,2.7539,5086.05,6.5586,2.51115,4.04745,1.35744,2009
(Hydroporus_notabilis;Hydroporus_nigrita),2.72325,2.71705,5036.69,6.64014,3.55419,3.08595,0.584456,2043
(Hydroporus_notabilis;Hydroporus_lapponum),2.82827,2.83222,5467.03,4.03871,3.54631,0.492397,0.556912,2043
(Hydroporus_notabilis;Hydroporus_submuticus),2.83466,2.84312,5510.8,14.7354,12.3364,2.39909,1.10978,2043
(Hydroporus_notabilis;Hydroporus_pilosus),2.73213,2.728,5076.22,7.01125,2.24167,4.76958,0.862965,2043
(Hydroporus_notabilis;Hydroporus_pubescens),2.7425,2.74271,5129.77,6.34369,2.42942,3.91427,0.510971,2043
(Hydroporus_notabilis;Hydroporus_tessellatus),2.71986,2.71467,5025.7,2.49788,1.1759,1.32199,0.470765,2043
(Hydroporus_appalachius;Hydroporus_mannerheimi),2.91271,2.93196,5960.8,-nan,2.04419,-nan,-nan,2080
(Hydroporus_appalachius;Hydroporus_neglectus),2.76448,2.76735,5074.28,10.655,7.34806,3.30698,0.690361,1984
(Hydroporus_appalachius;Hydroporus_sinuatipes),2.85492,2.84571,5188.26,14.6984,13.3865,1.31192,-0.00662648,1920
(Hydroporus_appalachius;Hydroporus_obscurus),2.83151,2.85444,5651.85,-nan,1.88299,-nan,-nan,2079
(Hydroporus_appalachius;Hydroporus_erythrocephalus),2.78674,2.79804,5434.62,11.786,9.53935,2.24662,-nan,2079
(Hydroporus_appalachius;Hydroporus_puberulus),2.74653,2.75917,5284.91,11.6278,9.68605,1.94179,0.510596,2079
(Hydroporus_appalachius;Hydroporus_axillaris),2.81992,2.83273,5566.27,-nan,6.97265,-nan,-nan,2079
(Hydroporus_appalachius;Hydroporus_fortis),2.83324,2.83791,5320.69,-nan,6.44472,-nan,-nan,1980
(Hydroporus_appalachius;Hydroporus_kraatzii),2.74517,2.76162,5214.35,3.46491,1.70921,1.75571,-0.0354177,2047
(Hydroporus_appalachius;Hydroporus_memnonius),2.72782,2.73539,5193.25,17.2581,13.7108,3.54724,-0.503925,2078
(Hydroporus_appalachius;Hydroporus_rufifrons),2.84168,2.8594,5506,5.82857,1.16172,4.66685,-nan,2019
(Hydroporus_appalachius;Hydroporus_tristis),2.7585,2.76,5113.51,17.0656,12.1319,4.93363,0.831056,2010
(Hydroporus_appalachius;Hydroporus_nigrita),2.70889,2.71473,5122.52,19.1998,16.4295,2.77031,1.48935,2079
(Hydroporus_appalachius;Hydroporus_lapponum),2.84135,2.85831,5665.47,-nan,4.44622,-nan,-nan,2079
(Hydroporus_appalachius;Hydroporus_submuticus),2.85081,2.872,5719.38,-nan,1.41409,-nan,-nan,2079
(Hydroporus_appalachius;Hydroporus_pilosus),2.7182,2.72689,5164.19,12.4524,10.139,2.31339,1.04908,2079
(Hydroporus_appalachius;Hydroporus_pubescens),2.73025,2.74366,5229.41,9.54571,6.12164,3.42408,1.27292,2079
(Hydroporus_appalachius;Hydroporus_tessellatus),2.71932,2.72665,5163.71,14.2065,13.117,1.08946,0.0301355,2079
(Hydroporus_mannerheimi;Hydroporus_neglectus),2.75201,2.75252,5019.33,6.96259,5.87444,1.08815,0.619565,1984
(Hydroporus_mannerheimi;Hydroporus_sinuatipes),2.84061,2.82882,5127.35,-nan,7.8266,-nan,-nan,1920
(Hydroporus_mannerheimi;Hydroporus_obscurus),2.81055,2.82974,5597.92,-nan,2.86052,-nan,-nan,2095
(Hydroporus_mannerheimi;Hydroporus_erythrocephalus),2.78186,2.79118,5406.06,7.68595,5.66596,2.01999,-nan,2079
(Hydroporus_mannerheimi;Hydroporus_puberulus),2.72983,2.74052,5213.43,7.50913,5.61724,1.89189,0.39939,2079
(Hydroporus_mannerheimi;Hydroporus_axillaris),2.80204,2.81147,5524.33,5.11466,3.77067,1.34399,0.323605,2095
(Hydroporus_mannerheimi;Hydroporus_fortis),2.82494,2.82726,5280.87,10.091,4.81914,5.27182,1.57152,1980
(Hydroporus_mannerheimi;Hydroporus_kraatzii),2.73053,2.74506,5151.26,2.45276,0.39049,2.06227,0.805491,2047
(Hydroporus_mannerheimi;Hydroporus_memnonius),2.72048,2.72469,5191.99,12.4587,10.5867,1.872,0.739645,2094
(Hydroporus_mannerheimi;Hydroporus_rufifrons),2.82976,2.84416,5490.58,9.76091,1.78965,7.97126,-nan,2035
(Hydroporus_mannerheimi;Hydroporus_tristis),2.75653,2.75606,5138.63,15.3607,10.1666,5.19404,1.54676,2026
(Hydroporus_mannerheimi;Hydroporus_nigrita),2.70801,2.71045,5142.99,17.0033,12.4433,4.55998,1.84845,2095
(Hydroporus_mannerheimi;Hydroporus_lapponum),2.82662,2.83997,5635.36,-nan,1.3405,-nan,-nan,2095
(Hydroporus_mannerheimi;Hydroporus_submuticus),2.83205,2.84939,5672.71,-nan,0.816488,-nan,-nan,2095
(Hydroporus_mannerheimi;Hydroporus_pilosus),2.71879,2.72408,5191.83,13.0704,7.53564,5.53479,1.58077,2095
(Hydroporus_mannerheimi;Hydroporus_pubescens),2.72179,2.73105,5217.72,10.6656,4.42932,6.23623,1.75969,2095
(Hydroporus_mannerheimi;Hydroporus_tessellatus),2.70201,2.70542,5114.42,11.2155,9.31034,1.90516,0.303766,2092
(Hydroporus_neglectus;Hydroporus_sinuatipes),2.80206,2.78673,4970.09,6.39833,3.32009,3.07824,-1.09109,1918
(Hydroporus_neglectus;Hydroporus_obscurus),2.77308,2.7761,5107.84,9.18652,4.74628,4.44024,-0.845332,1984
(Hydroporus_neglectus;Hydroporus_erythrocephalus),2.74018,2.73284,4952.55,14.627,6.49671,8.13025,-0.942856,1984
(Hydroporus_neglectus;Hydroporus_puberulus),2.77791,2.77219,5091.31,10.509,3.2034,7.30563,-0.498766,1984
(Hydroporus_neglectus;Hydroporus_axillaris),2.77859,2.77192,5088.23,9.7645,6.64204,3.12246,-0.776479,1984
(Hydroporus_neglectus;Hydroporus_fortis),2.7682,2.7609,4990.25,4.95901,2.15149,2.80752,-0.131924,1961
(Hydroporus_neglectus;Hydroporus_kraatzii),2.76928,2.76809,5044.38,8.04902,7.06726,0.981755,0.171584,1971
(Hydroporus_neglectus;Hydroporus_memnonius),2.75498,2.74399,4989.42,19.855,18.0002,1.85481,-1.39477,1983
(Hydroporus_neglectus;Hydroporus_rufifrons),2.77691,2.77376,4942.76,5.126,4.57659,0.549413,-0.634183,1924
(Hydroporus_neglectus;Hydroporus_tristis),2.78651,2.76739,4901.4,12.7994,10.5264,2.27294,-1.3152,1916
(Hydroporus_neglectus;Hydroporus_nigrita),2.76998,2.757,5035.65,12.5678,11.981,0.58684,-1.06184,1984
(Hydroporus_neglectus;Hydroporus_lapponum),2.76528,2.76244,5056.14,8.6,4.39984,4.20016,-0.785076,1984
(Hydroporus_neglectus;Hydroporus_submuticus),2.7734,2.7743,5100.02,8.08046,5.07112,3.00934,-0.567675,1984
(Hydroporus_neglectus;Hydroporus_pilosus),2.77449,2.76416,5062.02,7.79052,7.69894,0.0915819,-0.188177,1984
(Hydroporus_neglectus;Hydroporus_pubescens),2.78826,2.7824,5126.49,4.34553,3.24712,1.09841,-0.621439,1984
(Hydroporus_neglectus;Hydroporus_tessellatus),2.76417,2.7528,5019.64,15.5955,10.5876,5.00789,-1.24603,1984
(Hydroporus_sinuatipes;Hydroporus_obscurus),2.82714,2.81792,5090.35,-nan,11.7669,-nan,-nan,1920
(Hydroporus_sinuatipes;Hydroporus_erythrocephalus),2.79419,2.77503,4936.05,10.7825,3.20829,7.57417,-nan,1920
(Hydroporus_sinuatipes;Hydroporus_puberulus),2.76994,2.7521,4855.22,6.18716,2.79982,3.38734,1.15217,1920
(Hydroporus_sinuatipes;Hydroporus_axillaris),2.83493,2.81589,5079.42,5.75391,2.83823,2.91568,-0.283431,1920
(Hydroporus_sinuatipes;Hydroporus_fortis),2.82941,2.80934,4996.24,2.41933,1.1813,1.23803,0.71559,1897
(Hydroporus_sinuatipes;Hydroporus_kraatzii),2.77774,2.7635,4862.94,6.74533,5.26067,1.48466,0.831285,1907
(Hydroporus_sinuatipes;Hydroporus_memnonius),2.76997,2.74578,4830.2,10.6291,6.82152,3.80757,0.773697,1919
(Hydroporus_sinuatipes;Hydroporus_rufifrons),2.8474,2.83354,4984.45,13.297,9.5875,3.70947,0.270465,1860
(Hydroporus_sinuatipes;Hydroporus_tristis),2.85729,2.8287,4939.37,4.05927,1.31568,2.74359,1.29731,1851
(Hydroporus_sinuatipes;Hydroporus_nigrita),2.77938,2.75385,4859.66,4.31629,2.91253,1.40376,0.989015,1920
(Hydroporus_sinuatipes;Hydroporus_lapponum),2.84077,2.82749,5122.14,13.3077,7.08904,6.21865,-nan,1920
(Hydroporus_sinuatipes;Hydroporus_submuticus),2.85382,2.84233,5177.08,15.4441,11.656,3.78814,-nan,1920
(Hydroporus_sinuatipes;Hydroporus_pilosus),2.78098,2.7584,4875.19,5.05622,0.845241,4.21098,0.869596,1920
(Hydroporus_sinuatipes;Hydroporus_pubescens),2.77641,2.75706,4870.44,6.51111,0,6.51111,0.584703,1920
(Hydroporus_sinuatipes;Hydroporus_tessellatus),2.75496,2.73053,4777.27,2.68525,2.33883,0.346422,0.0632886,1920
(Hydroporus_obscurus;Hydroporus_erythrocephalus),2.82038,2.83294,5569.06,15.6692,14.8726,0.796598,-nan,2079
(Hydroporus_obscurus;Hydroporus_puberulus),2.74129,2.75549,5275.03,9.71251,8.30782,1.40469,1.00937,2079
(Hydroporus_obscurus;Hydroporus_axillaris),2.78158,2.79443,5462.65,10.7411,9.35911,1.38194,1.02435,2095
(Hydroporus_obscurus;Hydroporus_fortis),2.82478,2.82994,5291.35,8.51003,5.83317,2.67686,1.21863,1980
(Hydroporus_obscurus;Hydroporus_kraatzii),2.75718,2.77495,5262.34,4.51026,3.4129,1.09736,0.215259,2047
(Hydroporus_obscurus;Hydroporus_memnonius),2.7306,2.73787,5244.49,21.3348,19.7717,1.56312,0.199849,2094
(Hydroporus_obscurus;Hydroporus_rufifrons),2.84623,2.86402,5568.76,6.55277,0.175983,6.37678,-nan,2035
(Hydroporus_obscurus;Hydroporus_tristis),2.76531,2.76776,5185.22,19.0761,16.9568,2.11932,0.529979,2026
(Hydroporus_obscurus;Hydroporus_nigrita),2.74254,2.74818,5285.98,25.2078,21.62,3.58787,1.65256,2095
(Hydroporus_obscurus;Hydroporus_lapponum),2.81254,2.82943,5597.1,-nan,4.54079,-nan,-nan,2095
(Hydroporus_obscurus;Hydroporus_submuticus),2.82589,2.84703,5667.02,-nan,1.10567,-nan,-nan,2095
(Hydroporus_obscurus;Hydroporus_pilosus),2.74028,2.74892,5288.44,20.5987,13.7519,6.84679,1.74976,2095
(Hydroporus_obscurus;Hydroporus_pubescens),2.73844,2.75111,5296.4,11.0045,8.70759,2.29691,0.865522,2095
(Hydroporus_obscurus;Hydroporus_tessellatus),2.74718,2.75381,5298.94,19.4526,19.2131,0.239509,-0.331182,2092
(Hydroporus_erythrocephalus;Hydroporus_puberulus),2.72992,2.73291,5186.24,2.6784,1.95496,0.723435,-0.0108175,2079
(Hydroporus_erythrocephalus;Hydroporus_axillaris),2.7858,2.78886,5398.1,3.37466,1.20522,2.16944,-0.112883,2079
(Hydroporus_erythrocephalus;Hydroporus_fortis),2.79197,2.78688,5132.66,8.13968,4.64724,3.49244,-0.215846,1980
(Hydroporus_erythrocephalus;Hydroporus_kraatzii),2.73551,2.74224,5142.67,3.04287,2.48071,0.562162,-0.627739,2047
(Hydroporus_erythrocephalus;Hydroporus_memnonius),2.72993,2.7276,5165.87,10.9099,6.80525,4.10466,-0.684341,2078
(Hydroporus_erythrocephalus;Hydroporus_rufifrons),2.83525,2.84378,5449.49,-nan,12.4126,-nan,-nan,2019
(Hydroporus_erythrocephalus;Hydroporus_tristis),2.74486,2.73749,5032.6,4.39271,2.98132,1.41138,-0.409071,2010
(Hydroporus_erythrocephalus;Hydroporus_nigrita),2.72562,2.72177,5142.31,5.04243,4.38532,0.657107,0.599809,2079
(Hydroporus_erythrocephalus;Hydroporus_lapponum),2.79275,2.79969,5438.83,5.01506,2.90377,2.11129,-nan,2079
(Hydroporus_erythrocephalus;Hydroporus_submuticus),2.79578,2.80661,5466.9,9.65272,8.35619,1.29653,-0.873747,2079
(Hydroporus_erythrocephalus;Hydroporus_pilosus),2.72578,2.72477,5156,7.19791,2.64355,4.55436,0.58368,2079
(Hydroporus_erythrocephalus;Hydroporus_pubescens),2.73086,2.73417,5189.13,4.00509,2.88373,1.12136,0.322432,2079
(Hydroporus_erythrocephalus;Hydroporus_tessellatus),2.7305,2.72803,5164.72,6.33682,2.13529,4.20153,-1.69397,2079
(Hydroporus_puberulus;Hydroporus_axillaris),2.7302,2.73466,5191.21,6.68831,3.34792,3.34039,0.0477315,2079
(Hydroporus_puberulus;Hydroporus_fortis),2.75898,2.7545,5013.83,7.8101,4.49026,3.31985,0.174709,1980
(Hydroporus_puberulus;Hydroporus_kraatzii),2.77939,2.78714,5313.56,10.1944,6.47237,3.72207,0.488027,2048
(Hydroporus_puberulus;Hydroporus_memnonius),2.75429,2.7536,5264.99,20.1452,17.2796,2.86565,-1.55653,2079
(Hydroporus_puberulus;Hydroporus_rufifrons),2.75716,2.76608,5161.52,11.4969,9.62416,1.87272,-0.34885,2019
(Hydroporus_puberulus;Hydroporus_tristis),2.77356,2.76674,5142.19,8.0963,6.08797,2.00833,-0.403434,2011
(Hydroporus_puberulus;Hydroporus_nigrita),2.75531,2.75314,5266.59,12.2129,9.68512,2.52782,-0.122357,2080
(Hydroporus_puberulus;Hydroporus_lapponum),2.74366,2.75213,5254.89,4.69216,2.23118,2.46098,-0.350043,2079
(Hydroporus_puberulus;Hydroporus_submuticus),2.75312,2.76554,5307.54,8.23186,6.48202,1.74984,-0.582575,2079
(Hydroporus_puberulus;Hydroporus_pilosus),2.7777,2.77848,5362.8,8.72734,6.75176,1.97558,0.747581,2080
(Hydroporus_puberulus;Hydroporus_pubescens),2.78138,2.78654,5392.88,5.54605,4.54057,1.00548,-0.153429,2080
(Hydroporus_puberulus;Hydroporus_tessellatus),2.74474,2.74396,5229.66,8.39885,6.86876,1.53009,-1.21611,2080
(Hydroporus_axillaris;Hydroporus_fortis),2.85126,2.84686,5351.93,8.39415,4.47024,3.92391,1.43364,1980
(Hydroporus_axillaris;Hydroporus_kraatzii),2.7511,2.75884,5200.23,3.22078,1.96154,1.25924,-0.24366,2047
(Hydroporus_axillaris;Hydroporus_memnonius),2.71417,2.71221,5141.08,6.62823,4.02248,2.60574,-1.0808,2094
(Hydroporus_axillaris;Hydroporus_rufifrons),2.79745,2.80617,5348.24,8.32063,6.02718,2.29345,0.142056,2035
(Hydroporus_axillaris;Hydroporus_tristis),2.74773,2.74159,5085.01,4.14657,1.94053,2.20605,1.23686,2026
(Hydroporus_axillaris;Hydroporus_nigrita),2.71592,2.71227,5145.54,3.91577,3.34129,0.574487,0.44386,2095
(Hydroporus_axillaris;Hydroporus_lapponum),2.80389,2.81103,5522.54,4.29198,3.21721,1.07477,-0.631754,2095
(Hydroporus_axillaris;Hydroporus_submuticus),2.81408,2.8252,5578.81,8.55901,7.52173,1.03729,-0.891456,2095
(Hydroporus_axillaris;Hydroporus_pilosus),2.71828,2.71756,5165.06,6.14978,1.35766,4.79212,1.05087,2095
(Hydroporus_axillaris;Hydroporus_pubescens),2.74658,2.74969,5285.78,3.58519,0.440647,3.14454,0.67911,2095
(Hydroporus_axillaris;Hydroporus_tessellatus),2.70524,2.70253,5101.53,4.64545,2.66014,1.9853,-0.0666137,2092
(Hydroporus_fortis;Hydroporus_kraatzii),2.75698,2.75805,5024.93,8.31695,3.37578,4.94116,-0.97647,1979
(Hydroporus_fortis;Hydroporus_memnonius),2.7402,2.73175,4928.88,13.3714,7.07382,6.29761,-1.29047,1979
(Hydroporus_fortis;Hydroporus_rufifrons),2.81155,2.81502,5137.93,4.78228,3.4323,1.34999,0.284761,1943
(Hydroporus_fortis;Hydroporus_tristis),2.75858,2.74665,4872.54,13.1456,6.1575,6.9881,0.774765,1934
(Hydroporus_fortis;Hydroporus_nigrita),2.73017,2.71939,4888.17,7.99917,5.43101,2.56816,0.00885364,1980
(Hydroporus_fortis;Hydroporus_lapponum),2.83388,2.8328,5301.48,-nan,5.08416,-nan,-nan,1980
(Hydroporus_fortis;Hydroporus_submuticus),2.84288,2.84548,5348.84,-nan,5.66209,-nan,-nan,1980
(Hydroporus_fortis;Hydroporus_pilosus),2.73444,2.7258,4911.61,6.04884,2.95498,3.09386,0.288573,1980
(Hydroporus_fortis;Hydroporus_pubescens),2.76719,2.76262,5044.1,5.06692,0.639609,4.42731,-0.0968952,1980
(Hydroporus_fortis;Hydroporus_tessellatus),2.71931,2.70963,4853.93,8.61921,5.35435,3.26486,-0.285199,1980
(Hydroporus_kraatzii;Hydroporus_memnonius),2.86648,2.86908,5621,-nan,15.0022,-nan,-nan,2047
(Hydroporus_kraatzii;Hydroporus_rufifrons),2.76958,2.783,5168.97,7.11546,2.93578,4.17968,0.519814,1999
(Hydroporus_kraatzii;Hydroporus_tristis),2.78335,2.7806,5142.53,12.5218,10.9291,1.59271,0.824537,1991
(Hydroporus_kraatzii;Hydroporus_nigrita),2.79264,2.79407,5337.44,16.7815,14.3833,2.39824,-0.0113085,2048
(Hydroporus_kraatzii;Hydroporus_lapponum),2.75134,2.76272,5215.99,1.21513,0.508345,0.706782,0.0952557,2047
(Hydroporus_kraatzii;Hydroporus_submuticus),2.75847,2.77393,5259.24,2.52011,1.5058,1.0143,0.405423,2047
(Hydroporus_kraatzii;Hydroporus_pilosus),2.78073,2.78374,5298.5,14.7333,9.44051,5.29282,0.400434,2048
(Hydroporus_kraatzii;Hydroporus_pubescens),2.7997,2.80762,5387.21,7.09604,4.30191,2.79413,-0.303768,2048
(Hydroporus_kraatzii;Hydroporus_tessellatus),2.75957,2.76152,5214.3,11.7575,9.91155,1.84598,-1.27016,2048
(Hydroporus_memnonius;Hydroporus_rufifrons),2.74219,2.74473,5119.85,22.5077,17.1542,5.35347,0.526751,2034
(Hydroporus_memnonius;Hydroporus_tristis),2.76183,2.74951,5113.29,6.75401,5.0099,1.74411,-0.0870516,2026
(Hydroporus_memnonius;Hydroporus_nigrita),2.78605,2.77739,5391.66,13.472,5.23663,8.23542,1.88741,2095
(Hydroporus_memnonius;Hydroporus_lapponum),2.72498,2.7267,5200.09,13.6956,12.3686,1.32707,0.337767,2094
(Hydroporus_memnonius;Hydroporus_submuticus),2.73414,2.7398,5250.32,19.6121,16.9853,2.62682,0.305146,2094
(Hydroporus_memnonius;Hydroporus_pilosus),2.76845,2.7626,5335.27,12.3772,5.68601,6.69119,1.37117,2095
(Hydroporus_memnonius;Hydroporus_pubescens),2.78472,2.78279,5412.77,10.8773,7.00982,3.86745,1.29605,2095
(Hydroporus_memnonius;Hydroporus_tessellatus),2.75718,2.74938,5275.99,2.74038,1.98698,0.753409,0.128258,2092
(Hydroporus_rufifrons;Hydroporus_tristis),2.76229,2.76399,5171.86,-nan,13.5365,-nan,-nan,2026
(Hydroporus_rufifrons;Hydroporus_nigrita),2.76173,2.76317,5188.28,20.3977,17.9802,2.41748,1.3879,2035
(Hydroporus_rufifrons;Hydroporus_lapponum),2.83273,2.84406,5491.59,10.7836,5.14524,5.63834,-nan,2035
(Hydroporus_rufifrons;Hydroporus_submuticus),2.84405,2.85999,5552.64,7.77296,1.38322,6.38974,-nan,2035
(Hydroporus_rufifrons;Hydroporus_pilosus),2.76498,2.76903,5209.6,12.6425,12.038,0.604499,0.57285,2035
(Hydroporus_rufifrons;Hydroporus_pubescens),2.76633,2.77345,5224.17,7.7829,7.70745,0.0754509,-0.222725,2035
(Hydroporus_rufifrons;Hydroporus_tessellatus),2.74846,2.7512,5135.53,15.786,13.5176,2.2684,-1.04084,2032
(Hydroporus_tristis;Hydroporus_nigrita),2.78879,2.77572,5210.71,2.2448,0.425988,1.81881,0.539157,2027
(Hydroporus_tristis;Hydroporus_lapponum),2.75206,2.74845,5112.2,9.20108,7.0517,2.14938,-0.678336,2026
(Hydroporus_tristis;Hydroporus_submuticus),2.75358,2.75452,5137.96,18.1625,14.9792,3.18336,-0.649437,2026
(Hydroporus_tristis;Hydroporus_pilosus),2.79062,2.78037,5231.96,4.3798,0.0784,4.3014,1.07203,2027
(Hydroporus_tristis;Hydroporus_pubescens),2.77613,2.76878,5186.69,2.41765,1.04015,1.3775,0.809025,2027
(Hydroporus_tristis;Hydroporus_tessellatus),2.7673,2.75583,5130.11,2.00293,1.11879,0.884145,-0.862966,2024
(Hydroporus_nigrita;Hydroporus_lapponum),2.73128,2.73153,5219.72,14.3525,10.856,3.49652,-1.62707,2095
(Hydroporus_nigrita;Hydroporus_submuticus),2.73581,2.73996,5254.27,20.8491,18.0061,2.84297,-1.29009,2095
(Hydroporus_nigrita;Hydroporus_pilosus),2.83917,2.83205,5606.36,3.61331,1.03105,2.58226,0.0728593,2096
(Hydroporus_nigrita;Hydroporus_pubescens),2.8778,2.87423,5773.8,7.46149,5.98325,1.47824,0.740712,2096
(Hydroporus_nigrita;Hydroporus_tessellatus),2.84152,2.83234,5599.61,4.60538,2.4573,2.14808,-1.04793,2093
(Hydroporus_lapponum;Hydroporus_submuticus),2.94055,2.95551,6100.84,-nan,5.87395,-nan,-nan,2095
(Hydroporus_lapponum;Hydroporus_pilosus),2.73824,2.7414,5256.97,9.6111,6.11591,3.49518,0.834951,2095
(Hydroporus_lapponum;Hydroporus_pubescens),2.75467,2.76165,5332.06,6.10857,4.2092,1.89937,1.0933,2095
(Hydroporus_lapponum;Hydroporus_tessellatus),2.72619,2.72736,5196.08,8.38572,7.79183,0.593883,0.632784,2092
(Hydroporus_submuticus;Hydroporus_pilosus),2.73794,2.74493,5271.14,13.429,10.6786,2.75036,0.919178,2095
(Hydroporus_submuticus;Hydroporus_pubescens),2.75678,2.76774,5357.15,10.3175,7.32817,2.98932,1.02965,2095
(Hydroporus_submuticus;Hydroporus_tessellatus),2.73147,2.73653,5232.84,14.7952,14.1864,0.608715,0.261941,2092
(Hydroporus_pilosus;Hydroporus_pubescens),2.84665,2.84608,5662.41,3.89378,1.63889,2.25489,0.690783,2096
(Hydroporus_pilosus;Hydroporus_tessellatus),2.82089,2.81446,5530.29,8.03986,2.56598,5.47388,-0.933917,2093
(Hydroporus_pubescens;Hydroporus_tessellatus),2.8443,2.84167,5636.39,11.047,6.4882,4.55875,-1.06823,2093
