Sequences,Sat_test_Cassius1,Sat_test_Cassius2,Chi_test,Bowker_test,Stuart_test,Internal_Symmetry,Proposed_test,Alignment_Length
(acanthurus_japonicus;amia_calva),2.45225,2.46051,156976,522.112,516.344,5.76793,-2.03355,77395
(acanthurus_japonicus;anchoa_compressa),2.45618,2.45803,119098,89.1613,86.5213,2.63997,1.00411,58910
(acanthurus_japonicus;antennarius_striatus),2.86814,2.87513,267330,11.3696,5.23673,6.13285,0.688528,96995
(acanthurus_japonicus;astyanax_fasciatus),2.47132,2.47074,150998,132.926,128.579,4.34772,-0.725419,73909
(acanthurus_japonicus;danio_rerio),2.44017,2.43946,149842,15.6225,4.10767,11.5148,-2.00783,75268
(acanthurus_japonicus;diaphus_theta),2.77474,2.77984,227957,80.5598,78.6527,1.90719,-0.530849,88431
(acanthurus_japonicus;gadus_morhua),2.6048,2.60382,189091,555.078,553.203,1.87464,1.39204,83431
(acanthurus_japonicus;gasterosteus_aculeatus),2.88147,2.88017,301421,248.503,236.47,12.0327,0.165787,108974
(acanthurus_japonicus;haplochromis_burtoni),2.90182,2.90432,302436,21.5293,17.2407,4.28856,-1.60747,107549
(acanthurus_japonicus;lampris_guttatus),2.8047,2.80726,246300,126.144,124.298,1.84668,0.940156,93696
(acanthurus_japonicus;lepisosteus_oculatus),2.42733,2.43899,184301,734.481,733.394,1.08692,-0.54476,92418
(acanthurus_japonicus;megalops_sp),2.49344,2.49895,105595,36.7843,36.4937,0.290639,-0.182483,50567
(acanthurus_japonicus;neolamprologus_brichardi),2.90415,2.9056,299942,21.4864,19.3837,2.10272,-0.836633,106568
(acanthurus_japonicus;oreochromis_niloticus),2.90321,2.90582,304811,19.3201,15.8396,3.48053,-1.55724,108282
(acanthurus_japonicus;oryzias_latipes),2.82832,2.83065,286410,13.3423,9.11154,4.23073,-1.52696,107196
(acanthurus_japonicus;osteoglossum_bicirrhosum),2.45165,2.45043,110071,13.7601,13.0844,0.675763,-0.582524,54766
(acanthurus_japonicus;pantodon_buchholzi),2.41089,2.41211,110581,77.3696,76.8895,0.480055,0.497882,56723
(acanthurus_japonicus;polypterus_senegalus),2.37264,2.38184,123914,569.431,567.437,1.99414,-0.39528,65072
(acanthurus_japonicus;pundamilia_nyererei),2.90398,2.90658,303712,21.0539,19.2002,1.85368,-0.950658,107835
(acanthurus_japonicus;salvelinus_fontinalis),2.64634,2.6494,71452.2,5.74607,1.87545,3.87062,0.528262,30496
(acanthurus_japonicus;taenianotus_triacanthus),2.92273,2.92183,289154,34.3014,32.4999,1.80153,-1.08942,101600
(acanthurus_japonicus;takifugu_rupribes),2.81457,2.81415,287503,76.0749,72.8904,3.18448,0.610756,108852
(acanthurus_japonicus;tetraodon_nigroviridis),2.79974,2.79973,284488,48.2943,42.3193,5.97503,-0.818674,108815
(acanthurus_japonicus;umbra_limi),2.59544,2.60126,194381,36.6041,33.8974,2.70665,0.251756,86032
(acanthurus_japonicus;acipenser_fulvescens),2.40006,2.40635,63602.4,213.849,208.096,5.7531,-0.609049,32766
(acanthurus_japonicus;strophidon_sathete),2.4546,2.45945,119117,24.9896,21.5929,3.39669,0.181569,58856
(amia_calva;anchoa_compressa),2.40865,2.41324,93270.6,502.86,500.185,2.6744,0.339161,47736
(amia_calva;antennarius_striatus),2.41805,2.42888,145018,411.861,406.546,5.31489,1.92039,73361
(amia_calva;astyanax_fasciatus),2.41307,2.41785,116065,842.336,839.96,2.37638,0.509274,59117
(amia_calva;danio_rerio),2.38552,2.39081,118351,364.387,362.131,2.2563,0.612775,61766
(amia_calva;diaphus_theta),2.42112,2.43147,133161,647.417,645.545,1.8715,1.24181,67144
(amia_calva;gadus_morhua),2.33162,2.33503,116624,1017.24,1015.26,1.97805,1.21886,63558
(amia_calva;gasterosteus_aculeatus),2.42139,2.42686,161922,831.045,822.767,8.27744,2.51378,81950
(amia_calva;haplochromis_burtoni),2.43423,2.44256,162500,475.503,472.985,2.51859,1.35444,81304
(amia_calva;lampris_guttatus),2.43443,2.44356,144930,733.63,731.916,1.71439,0.651703,72359
(amia_calva;lepisosteus_oculatus),2.78459,2.80596,211042,17.7309,17.4977,0.233263,0.0459797,80376
(amia_calva;megalops_sp),2.5978,2.61219,95304.3,206.594,203.507,3.08662,-0.0938418,41791
(amia_calva;neolamprologus_brichardi),2.43728,2.44517,161744,464.795,463.011,1.78334,0.942452,80762
(amia_calva;oreochromis_niloticus),2.43281,2.4409,162191,482.185,479.29,2.89439,1.40365,81253
(amia_calva;oryzias_latipes),2.40561,2.41337,157881,422.331,420.941,1.38913,0.467266,80909
(amia_calva;osteoglossum_bicirrhosum),2.5203,2.52543,101017,452.444,450.46,1.98387,1.42364,47265
(amia_calva;pantodon_buchholzi),2.44987,2.45633,97534.5,502.892,500.302,2.58935,1.24069,48178
(amia_calva;polypterus_senegalus),2.63976,2.65839,144576,74.4586,70.4316,4.02706,0.977742,61289
(amia_calva;pundamilia_nyererei),2.43473,2.44281,162374,473.444,470.255,3.18945,1.4544,81225
(amia_calva;salvelinus_fontinalis),2.4769,2.48178,48858.3,102.896,97.4908,5.40505,2.22697,23713
(amia_calva;taenianotus_triacanthus),2.44766,2.45464,152289,603.92,600.456,3.46335,1.75849,75418
(amia_calva;takifugu_rupribes),2.39535,2.40205,159058,662.505,655.753,6.75115,1.60316,82178
(amia_calva;tetraodon_nigroviridis),2.38249,2.38871,157117,669.319,663.024,6.29479,1.77612,82067
(amia_calva;umbra_limi),2.4314,2.4419,133837,269.634,264.437,5.19764,1.52939,67044
(amia_calva;acipenser_fulvescens),2.65507,2.6689,71844.3,16.765,14.3257,2.4393,-1.26764,30223
(amia_calva;strophidon_sathete),2.51885,2.53129,107519,194.934,194.226,0.708022,0.0262744,50167
(anchoa_compressa;antennarius_striatus),2.41259,2.41568,110390,102.526,100.51,2.01562,-1.24578,56490
(anchoa_compressa;astyanax_fasciatus),2.48865,2.48496,101137,5.19476,2.92195,2.27282,-0.175634,48974
(anchoa_compressa;danio_rerio),2.436,2.43239,94499.1,54.7687,45.5966,9.17207,0.25378,47718
(anchoa_compressa;diaphus_theta),2.43113,2.4344,106425,36.3576,32.2584,4.09922,-0.508523,53659
(anchoa_compressa;gadus_morhua),2.34432,2.34149,91176.4,33.9863,33.4231,0.563171,0.402712,49633
(anchoa_compressa;gasterosteus_aculeatus),2.43059,2.42931,120739,17.1158,13.468,3.64785,-0.930638,61132
(anchoa_compressa;haplochromis_burtoni),2.43867,2.44035,120135,93.5448,86.9342,6.61059,-2.27133,60272
(anchoa_compressa;lampris_guttatus),2.44349,2.44454,110049,14.2082,12.5822,1.62604,-0.584755,55025
(anchoa_compressa;lepisosteus_oculatus),2.39281,2.40089,107992,595.077,592.733,2.34419,-1.16844,55821
(anchoa_compressa;megalops_sp),2.45476,2.45761,57669,181.533,181.266,0.26702,-0.417491,28512
(anchoa_compressa;neolamprologus_brichardi),2.44368,2.4441,118660,91.5689,86.388,5.18082,-1.86106,59351
(anchoa_compressa;oreochromis_niloticus),2.44242,2.44384,120655,87.4945,81.1832,6.31134,-2.14066,60364
(anchoa_compressa;oryzias_latipes),2.41506,2.41619,117307,96.4667,93.8324,2.63433,-1.26461,60022
(anchoa_compressa;osteoglossum_bicirrhosum),2.40024,2.39272,67275.3,17.263,7.89388,9.36915,0.170853,35078
(anchoa_compressa;pantodon_buchholzi),2.35228,2.35127,66408.9,8.89913,8.16094,0.738185,-0.657324,35840
(anchoa_compressa;polypterus_senegalus),2.34464,2.34989,77811.3,471.678,470.532,1.14631,-0.767127,41938
(anchoa_compressa;pundamilia_nyererei),2.43952,2.44079,120477,93.3037,87.8274,5.47634,-1.97777,60423
(anchoa_compressa;salvelinus_fontinalis),2.52616,2.52535,44977.4,57.7592,47.5602,10.199,-2.17788,21102
(anchoa_compressa;taenianotus_triacanthus),2.46225,2.46196,114969,48.7326,46.8373,1.89529,-1.28063,56701
(anchoa_compressa;takifugu_rupribes),2.39927,2.39949,117262,34.5874,32.153,2.43437,-1.33177,60818
(anchoa_compressa;tetraodon_nigroviridis),2.3855,2.38508,117311,24.2599,23.072,1.18787,-0.821029,61570
(anchoa_compressa;umbra_limi),2.44273,2.44514,103218,132.175,131.631,0.543735,0.626925,51596
(anchoa_compressa;acipenser_fulvescens),2.38372,2.38965,37601.7,166.585,166.077,0.508275,-0.697751,19626
(anchoa_compressa;strophidon_sathete),2.40499,2.40598,74246.6,102.091,100.521,1.5706,0.187259,38296
(antennarius_striatus;astyanax_fasciatus),2.43412,2.43538,138519,137.338,136.951,0.387834,-0.0705013,69745
(antennarius_striatus;danio_rerio),2.39987,2.40345,137985,25.8985,16.0094,9.88913,-2.23327,71358
(antennarius_striatus;diaphus_theta),2.72272,2.72993,208620,101.344,99.411,1.93305,0.139536,83878
(antennarius_striatus;gadus_morhua),2.57302,2.57623,172069,538.362,537.927,0.43468,0.528172,77512
(antennarius_striatus;gasterosteus_aculeatus),2.81551,2.82076,267827,191.928,186.226,5.70224,-0.458994,100919
(antennarius_striatus;haplochromis_burtoni),2.83816,2.84733,268386,1.40145,0.67988,0.721574,0.780672,99279
(antennarius_striatus;lampris_guttatus),2.7538,2.75903,228290,159.107,156.878,2.22967,0.699077,89865
(antennarius_striatus;lepisosteus_oculatus),2.39994,2.41563,168495,588.137,587.511,0.626098,-0.594877,86131
(antennarius_striatus;megalops_sp),2.44957,2.4579,95780.3,19.9185,19.5492,0.369262,-0.134381,47386
(antennarius_striatus;neolamprologus_brichardi),2.84023,2.84828,266248,1.93072,1.23066,0.700059,0.803039,98423
(antennarius_striatus;oreochromis_niloticus),2.83966,2.84869,270511,2.56959,1.79873,0.770856,0.87295,99970
(antennarius_striatus;oryzias_latipes),2.77363,2.78248,255580,8.60798,5.62354,2.98444,-0.871871,98974
(antennarius_striatus;osteoglossum_bicirrhosum),2.42182,2.42238,97719.3,32.1624,29.5063,2.65606,-0.853089,49723
(antennarius_striatus;pantodon_buchholzi),2.37858,2.38201,102799,82.7353,81.9519,0.783366,0.363777,54036
(antennarius_striatus;polypterus_senegalus),2.35145,2.36292,116073,471.582,470.724,0.858353,-0.603847,61935
(antennarius_striatus;pundamilia_nyererei),2.83941,2.84809,270489,1.85922,0.931651,0.927567,0.950877,100003
(antennarius_striatus;salvelinus_fontinalis),2.60216,2.61004,64003.1,3.77822,0.349064,3.42916,1.80622,28134
(antennarius_striatus;taenianotus_triacanthus),2.85292,2.85801,254261,39.3407,39.0151,0.325562,-0.0805664,93352
(antennarius_striatus;takifugu_rupribes),2.75904,2.76538,258185,103.361,92.4173,10.944,0.798506,101194
(antennarius_striatus;tetraodon_nigroviridis),2.74598,2.75225,257454,62.2757,62.1291,0.14659,-0.334164,101867
(antennarius_striatus;umbra_limi),2.5592,2.56768,177216,12.6084,11.7829,0.825449,0.604139,80471
(antennarius_striatus;acipenser_fulvescens),2.38689,2.39777,59590.2,159.709,157.245,2.46402,-0.350377,30928
(antennarius_striatus;strophidon_sathete),2.41692,2.42499,111402,15.3072,13.9345,1.37271,0.38538,56589
(astyanax_fasciatus;danio_rerio),2.59786,2.594,137556,99.5128,94.4233,5.08954,-1.57763,61186
(astyanax_fasciatus;diaphus_theta),2.45358,2.45362,131440,29.2041,26.6802,2.52388,-0.385398,65240
(astyanax_fasciatus;gadus_morhua),2.3527,2.34938,111895,44.4695,41.8991,2.57045,0.0884186,60479
(astyanax_fasciatus;gasterosteus_aculeatus),2.44811,2.44505,153492,24.4781,23.129,1.34915,0.14052,76714
(astyanax_fasciatus;haplochromis_burtoni),2.45426,2.4541,153009,149.897,148.245,1.65157,-0.353045,75888
(astyanax_fasciatus;lampris_guttatus),2.45478,2.45442,140414,28.1904,25.993,2.19749,0.271621,69646
(astyanax_fasciatus;lepisosteus_oculatus),2.40398,2.41242,133172,1084.81,1082.77,2.04704,0.257263,68082
(astyanax_fasciatus;megalops_sp),2.47609,2.47704,77939.4,138.299,136.746,1.55296,-0.581499,37952
(astyanax_fasciatus;neolamprologus_brichardi),2.45507,2.45412,151532,151.437,150.209,1.22787,-0.333853,75155
(astyanax_fasciatus;oreochromis_niloticus),2.45406,2.45355,153269,145.208,143.964,1.24374,-0.295183,76048
(astyanax_fasciatus;oryzias_latipes),2.42918,2.42847,149954,157.312,154.825,2.48704,-0.696927,75921
(astyanax_fasciatus;osteoglossum_bicirrhosum),2.41445,2.41042,83967.7,48.8138,42.9478,5.86598,0.716304,43147
(astyanax_fasciatus;pantodon_buchholzi),2.37584,2.37272,86018.1,13.164,7.20076,5.96323,2.28644,45588
(astyanax_fasciatus;polypterus_senegalus),2.34563,2.35139,98243.5,839.484,835.413,4.07051,-0.589443,52796
(astyanax_fasciatus;pundamilia_nyererei),2.45485,2.45441,152571,144.329,142.985,1.3436,-0.310934,75651
(astyanax_fasciatus;salvelinus_fontinalis),2.50154,2.49938,48754.6,70.5262,64.5706,5.95562,1.15389,23328
(astyanax_fasciatus;taenianotus_triacanthus),2.47403,2.4718,147129,71.4292,69.63,1.79918,0.3927,71973
(astyanax_fasciatus;takifugu_rupribes),2.42181,2.41986,150329,50.7788,49.7365,1.04232,0.621686,76670
(astyanax_fasciatus;tetraodon_nigroviridis),2.40882,2.4069,149633,60.8848,60.173,0.711798,-0.247574,77123
(astyanax_fasciatus;umbra_limi),2.45392,2.4553,130589,205.464,202.481,2.98325,-1.53455,64725
(astyanax_fasciatus;acipenser_fulvescens),2.3875,2.39267,47949.1,298.032,294.2,3.83161,-0.940422,24942
(astyanax_fasciatus;strophidon_sathete),2.39915,2.40004,92671.2,125.337,122.762,2.5745,-0.35933,48020
(danio_rerio;diaphus_theta),2.41195,2.41241,127015,17.6789,5.69902,11.9799,0.957353,65211
(danio_rerio;gadus_morhua),2.33333,2.33016,109578,140.257,136.694,3.56382,1.3542,60199
(danio_rerio;gasterosteus_aculeatus),2.41891,2.41578,155140,26.4376,18.573,7.86461,1.70288,79440
(danio_rerio;haplochromis_burtoni),2.42491,2.42481,154409,14.8985,11.4094,3.48908,1.00976,78493
(danio_rerio;lampris_guttatus),2.41575,2.41622,136828,21.3125,9.30087,12.0116,1.47784,70014
(danio_rerio;lepisosteus_oculatus),2.37004,2.37732,135958,518.561,514.807,3.75375,0.679455,71717
(danio_rerio;megalops_sp),2.43468,2.43877,76680.1,55.3889,43.0662,12.3227,-0.817493,38527
(danio_rerio;neolamprologus_brichardi),2.42498,2.4242,152642,13.8175,10.3781,3.43946,0.768927,77637
(danio_rerio;oreochromis_niloticus),2.42571,2.42542,155444,12.724,9.08664,3.63733,0.745895,78981
(danio_rerio;oryzias_latipes),2.39984,2.39917,150903,11.3571,7.04783,4.30931,0.137532,78341
(danio_rerio;osteoglossum_bicirrhosum),2.4,2.39696,85234,21.0664,5.81507,15.2513,-1.07881,44297
(danio_rerio;pantodon_buchholzi),2.33619,2.33526,86683.4,40.0703,22.421,17.6493,1.42549,47412
(danio_rerio;polypterus_senegalus),2.31428,2.32048,96631.2,461.894,457.089,4.80491,1.68317,53432
(danio_rerio;pundamilia_nyererei),2.42663,2.42626,155074,15.0148,10.3309,4.68392,0.999893,78740
(danio_rerio;salvelinus_fontinalis),2.46177,2.45909,50727.7,8.62155,6.62022,2.00133,1.16147,25094
(danio_rerio;taenianotus_triacanthus),2.44073,2.43928,145792,9.22463,0.48858,8.73605,0.976525,73264
(danio_rerio;takifugu_rupribes),2.39192,2.38981,152609,12.1691,5.13907,7.03008,1.28059,79823
(danio_rerio;tetraodon_nigroviridis),2.38192,2.37996,152004,13.2513,7.93584,5.31544,1.48753,80160
(danio_rerio;umbra_limi),2.41162,2.41419,128311,38.688,31.7964,6.89155,0.530516,65808
(danio_rerio;acipenser_fulvescens),2.33981,2.34485,51320.2,172.577,169.462,3.11496,0.549828,27825
(danio_rerio;strophidon_sathete),2.37651,2.38076,92643.3,35.7035,31.0403,4.66316,0.499566,48799
(diaphus_theta;gadus_morhua),2.58663,2.58816,160848,246.699,238.591,8.10835,2.69405,71856
(diaphus_theta;gasterosteus_aculeatus),2.74028,2.74384,229363,4.09975,3.27367,0.826083,0.661352,91317
(diaphus_theta;haplochromis_burtoni),2.75534,2.7625,229773,117.626,117.149,0.476889,-0.0361324,90246
(diaphus_theta;lampris_guttatus),2.74988,2.7543,206832,6.83226,3.1969,3.63536,1.13209,81723
(diaphus_theta;lepisosteus_oculatus),2.40373,2.41709,156075,805.914,804.993,0.920643,-0.158501,79625
(diaphus_theta;megalops_sp),2.47269,2.48103,87383.5,94.7171,89.8917,4.82537,-0.263196,42426
(diaphus_theta;neolamprologus_brichardi),2.75694,2.76305,227535,116.059,114.813,1.24588,-0.0961595,89330
(diaphus_theta;oreochromis_niloticus),2.75528,2.76251,230578,112.253,112.053,0.199112,-0.0905395,90560
(diaphus_theta;oryzias_latipes),2.70276,2.70951,219194,106.316,103.798,2.51861,-0.841328,89459
(diaphus_theta;osteoglossum_bicirrhosum),2.43048,2.4318,92897.9,2.26938,0.85421,1.41517,-0.405006,46908
(diaphus_theta;pantodon_buchholzi),2.38619,2.38811,96316.4,25.5984,25.3555,0.242884,0.489651,50393
(diaphus_theta;polypterus_senegalus),2.35743,2.36774,105742,583.507,581.551,1.95676,0.275725,56151
(diaphus_theta;pundamilia_nyererei),2.75658,2.76351,231369,114.848,114.539,0.3085,-0.0489297,90807
(diaphus_theta;salvelinus_fontinalis),2.6264,2.63354,58725.9,15.6732,9.58581,6.08742,0.662751,25363
(diaphus_theta;taenianotus_triacanthus),2.7745,2.77851,221848,37.4727,36.6038,0.868955,-0.869082,86148
(diaphus_theta;takifugu_rupribes),2.68326,2.68755,220049,6.94388,5.7423,1.20158,0.452033,91277
(diaphus_theta;tetraodon_nigroviridis),2.67301,2.67747,218217,13.5043,11.2567,2.24758,0.331699,91192
(diaphus_theta;umbra_limi),2.5678,2.57462,167418,117.368,107.141,10.2278,0.352303,75604
(diaphus_theta;acipenser_fulvescens),2.36088,2.36942,55223.3,233.054,229.4,3.65326,-0.480743,29306
(diaphus_theta;strophidon_sathete),2.4331,2.43997,102598,46.9203,43.3195,3.60074,1.20628,51471
(gadus_morhua;gasterosteus_aculeatus),2.56665,2.55998,203766,235.457,234.717,0.740178,-0.244357,93045
(gadus_morhua;haplochromis_burtoni),2.57083,2.56757,203076,626.475,625.424,1.05081,-0.146339,92113
(gadus_morhua;lampris_guttatus),2.60377,2.60362,171492,212.844,211.189,1.6546,-1.21942,75716
(gadus_morhua;lepisosteus_oculatus),2.28953,2.29393,137031,1191.05,1190.41,0.641839,-0.310536,77323
(gadus_morhua;megalops_sp),2.35334,2.35363,72319.2,347.778,346.362,1.41601,-0.298256,38883
(gadus_morhua;neolamprologus_brichardi),2.5707,2.56642,200977,628.303,625.967,2.33613,-0.221149,91241
(gadus_morhua;oreochromis_niloticus),2.57258,2.56928,204375,635.59,634.123,1.46729,0.0989595,92577
(gadus_morhua;oryzias_latipes),2.53404,2.53022,195433,522.953,519.863,3.08989,-0.716458,91263
(gadus_morhua;osteoglossum_bicirrhosum),2.35809,2.35369,81775.8,103.176,97.7501,5.42627,2.26909,44011
(gadus_morhua;pantodon_buchholzi),2.30666,2.30478,81100.1,17.9692,16.1243,1.84491,-0.747712,45517
(gadus_morhua;polypterus_senegalus),2.26367,2.26751,91213.8,1022.78,1020.09,2.69106,-0.304219,52551
(gadus_morhua;pundamilia_nyererei),2.5713,2.56783,203866,636.094,634.552,1.54201,0.0134975,92450
(gadus_morhua;salvelinus_fontinalis),2.49056,2.48741,52049.9,172.12,160.596,11.5239,-2.19145,25127
(gadus_morhua;taenianotus_triacanthus),2.60076,2.59747,185161,443.8,441.681,2.1197,-1.09345,82105
(gadus_morhua;takifugu_rupribes),2.52093,2.51542,196412,297.436,295.191,2.24498,-0.792704,92822
(gadus_morhua;tetraodon_nigroviridis),2.51159,2.50663,194326,302.616,300.185,2.43141,-1.42634,92461
(gadus_morhua;umbra_limi),2.45684,2.45904,138078,479.976,475.051,4.92439,-0.183038,68187
(gadus_morhua;acipenser_fulvescens),2.30372,2.30757,48277.4,338.774,338.603,0.171579,0.263543,26965
(gadus_morhua;strophidon_sathete),2.3201,2.32144,86622,315.723,314.185,1.53729,0.237635,47874
(gasterosteus_aculeatus;haplochromis_burtoni),2.83752,2.83201,326836,416.934,408.238,8.6954,-0.260551,122175
(gasterosteus_aculeatus;lampris_guttatus),2.76682,2.7678,248180,3.47646,1.87192,1.60454,0.399098,97114
(gasterosteus_aculeatus;lepisosteus_oculatus),2.38867,2.39483,195787,1073.4,1072,1.3932,-1.02847,101701
(gasterosteus_aculeatus;megalops_sp),2.46703,2.47033,106364,107.205,107.079,0.125914,0.298074,52089
(gasterosteus_aculeatus;neolamprologus_brichardi),2.83897,2.83242,324991,408.472,400.374,8.09792,-0.529398,121450
(gasterosteus_aculeatus;oreochromis_niloticus),2.83931,2.83369,329919,425.822,417.57,8.25227,0.191818,123182
(gasterosteus_aculeatus;oryzias_latipes),2.77103,2.76503,311038,256.968,240.616,16.3525,-1.28777,121945
(gasterosteus_aculeatus;osteoglossum_bicirrhosum),2.43756,2.43198,113852,4.3231,3.49741,0.825694,0.30091,57498
(gasterosteus_aculeatus;pantodon_buchholzi),2.38513,2.38437,113034,15.2008,14.1532,1.04758,-0.486297,59333
(gasterosteus_aculeatus;polypterus_senegalus),2.34535,2.35098,130153,857.184,855.813,1.37109,-0.30143,70037
(gasterosteus_aculeatus;pundamilia_nyererei),2.83999,2.83428,328708,433.992,425.517,8.47548,0.0479569,122678
(gasterosteus_aculeatus;salvelinus_fontinalis),2.62225,2.62089,72119.8,29.5038,25.8272,3.6766,-0.12751,31441
(gasterosteus_aculeatus;taenianotus_triacanthus),2.88286,2.8792,295842,137.434,128.549,8.88514,-0.202833,107034
(gasterosteus_aculeatus;takifugu_rupribes),2.75466,2.74673,310915,51.3963,38.2256,13.1707,-1.67577,123528
(gasterosteus_aculeatus;tetraodon_nigroviridis),2.73975,2.73224,306639,58.0361,45.9164,12.1197,-0.938365,123109
(gasterosteus_aculeatus;umbra_limi),2.57108,2.57496,198070,153.788,147.519,6.26981,-0.193756,89412
(gasterosteus_aculeatus;acipenser_fulvescens),2.38342,2.38952,66614.2,292.136,287.844,4.29256,-0.446354,34774
(gasterosteus_aculeatus;strophidon_sathete),2.42221,2.42473,121673,97.2835,95.8349,1.44863,-0.378183,61792
(haplochromis_burtoni;lampris_guttatus),2.78669,2.79146,248851,172.63,168.059,4.5702,0.805442,95728
(haplochromis_burtoni;lepisosteus_oculatus),2.39628,2.40461,195843,569.749,569.224,0.524419,0.0916218,101049
(haplochromis_burtoni;megalops_sp),2.47375,2.47981,104997,19.1803,17.8075,1.37284,0.885139,51048
(haplochromis_burtoni;neolamprologus_brichardi),2.99384,2.99046,363480,4.95948,2.4895,2.46998,0.215687,121934
(haplochromis_burtoni;oreochromis_niloticus),2.98594,2.98355,366725,5.42182,4.94188,0.479942,-0.514019,123593
(haplochromis_burtoni;oryzias_latipes),2.8028,2.80118,314410,10.4121,2.59394,7.81814,-2.36926,120151
(haplochromis_burtoni;osteoglossum_bicirrhosum),2.44192,2.43942,112297,40.3212,38.0417,2.27948,1.17088,56365
(haplochromis_burtoni;pantodon_buchholzi),2.38849,2.3906,112308,93.2913,90.9072,2.38417,0.182895,58625
(haplochromis_burtoni;polypterus_senegalus),2.35558,2.36351,129480,564.817,564.483,0.33371,-0.101633,69044
(haplochromis_burtoni;pundamilia_nyererei),2.99717,2.99476,368958,10.2101,0.945867,9.26426,1.91503,123417
(haplochromis_burtoni;salvelinus_fontinalis),2.63161,2.63278,71905.3,2.88783,1.34986,1.53797,0.835319,31074
(haplochromis_burtoni;taenianotus_triacanthus),2.8911,2.8914,294314,92.1186,78.0372,14.0814,-2.15436,105589
(haplochromis_burtoni;takifugu_rupribes),2.76614,2.76163,311345,121.229,114.895,6.33399,0.814261,122364
(haplochromis_burtoni;tetraodon_nigroviridis),2.75378,2.75057,305697,101.287,97.4256,3.86163,0.0512614,121105
(haplochromis_burtoni;umbra_limi),2.58621,2.5935,198680,12.3486,9.90913,2.43947,-0.216024,88459
(haplochromis_burtoni;acipenser_fulvescens),2.38906,2.39712,65429.3,178.926,174.874,4.05196,-0.721854,33972
(haplochromis_burtoni;strophidon_sathete),2.43016,2.43543,120218,9.55964,8.37741,1.18223,0.0289072,60550
(lampris_guttatus;lepisosteus_oculatus),2.41109,2.42351,165165,946.906,946.159,0.747123,0.533527,83769
(lampris_guttatus;megalops_sp),2.47312,2.47981,94436.7,109.117,107.61,1.5076,-0.669538,45883
(lampris_guttatus;neolamprologus_brichardi),2.78944,2.79321,246644,176.303,172.259,4.04399,-0.808813,94760
(lampris_guttatus;oreochromis_niloticus),2.78849,2.79298,250842,178.975,174.197,4.77745,-0.819881,96389
(lampris_guttatus;oryzias_latipes),2.73349,2.73764,238155,160.162,158.326,1.83649,-0.753283,95214
(lampris_guttatus;osteoglossum_bicirrhosum),2.44003,2.44072,99436.3,3.99721,2.36681,1.63039,0.452498,49857
(lampris_guttatus;pantodon_buchholzi),2.39701,2.3988,103865,17.2938,16.4063,0.88751,0.645305,53866
(lampris_guttatus;polypterus_senegalus),2.35545,2.36537,116193,747.154,742.163,4.9915,0.0110825,61782
(lampris_guttatus;pundamilia_nyererei),2.79074,2.7955,249627,177.033,172.864,4.16967,-0.795597,95751
(lampris_guttatus;salvelinus_fontinalis),2.61478,2.61958,62914.6,17.5835,17.1628,0.420736,0.61239,27458
(lampris_guttatus;taenianotus_triacanthus),2.80138,2.80302,236827,57.605,55.8816,1.72342,-0.980934,90367
(lampris_guttatus;takifugu_rupribes),2.71617,2.71842,239964,21.9294,15.7989,6.13044,0.474559,97300
(lampris_guttatus;tetraodon_nigroviridis),2.70388,2.70637,237438,37.8148,33.9974,3.81745,-0.556471,97120
(lampris_guttatus;umbra_limi),2.57671,2.58264,176530,147.581,144.34,3.24065,-0.286036,79214
(lampris_guttatus;acipenser_fulvescens),2.37068,2.3781,58151.7,285.128,281,4.1276,-0.929324,30617
(lampris_guttatus;strophidon_sathete),2.42401,2.43086,106444,80.8249,77.8078,3.0171,0.00836552,53789
(lepisosteus_oculatus;megalops_sp),2.58563,2.60265,106573,340.617,336.676,3.94072,-1.0173,47046
(lepisosteus_oculatus;neolamprologus_brichardi),2.39678,2.40508,195162,557.591,556.589,1.00222,-0.359592,100663
(lepisosteus_oculatus;oreochromis_niloticus),2.39501,2.40358,196200,584.294,583.702,0.591713,-0.185647,101316
(lepisosteus_oculatus;oryzias_latipes),2.37279,2.38119,189765,589.561,588.177,1.3847,-0.924968,99836
(lepisosteus_oculatus;osteoglossum_bicirrhosum),2.50493,2.51115,113788,577.786,574.971,2.81504,0.560646,53819
(lepisosteus_oculatus;pantodon_buchholzi),2.4254,2.43466,112949,722.339,722.11,0.229208,-0.258886,56728
(lepisosteus_oculatus;polypterus_senegalus),2.62978,2.64979,164634,20.8802,13.8766,7.00358,1.18788,70243
(lepisosteus_oculatus;pundamilia_nyererei),2.39489,2.40335,195993,579.497,578.354,1.14312,-0.315486,101228
(lepisosteus_oculatus;salvelinus_fontinalis),2.45553,2.4637,56634.9,108.351,104.957,3.3935,1.26838,27889
(lepisosteus_oculatus;taenianotus_triacanthus),2.41943,2.4295,180663,823.67,822.74,0.929867,0.530719,91273
(lepisosteus_oculatus;takifugu_rupribes),2.35974,2.36653,191920,767.343,766.076,1.26695,0.065491,102122
(lepisosteus_oculatus;tetraodon_nigroviridis),2.35324,2.36069,189252,784.143,783.35,0.792352,0.54473,101189
(lepisosteus_oculatus;umbra_limi),2.41071,2.42516,153699,402.807,400.915,1.89234,-0.657412,78021
(lepisosteus_oculatus;acipenser_fulvescens),2.64082,2.65745,82028.6,3.10353,2.65249,0.451048,-0.447002,34804
(lepisosteus_oculatus;strophidon_sathete),2.50391,2.51859,124542,300.267,299.657,0.610544,-0.548046,58656
(megalops_sp;neolamprologus_brichardi),2.4746,2.48006,104175,17.7376,16.2032,1.53444,-1.07986,50638
(megalops_sp;oreochromis_niloticus),2.47712,2.48333,106738,26.0059,24.6241,1.38185,-0.92878,51749
(megalops_sp;oryzias_latipes),2.44424,2.45033,102640,16.9711,16.042,0.92915,-0.901941,51104
(megalops_sp;osteoglossum_bicirrhosum),2.5931,2.59716,73533.3,56.8289,54.7166,2.1123,0.286647,32608
(megalops_sp;pantodon_buchholzi),2.51299,2.51968,68755.4,95.0985,90.981,4.11746,2.03896,32348
(megalops_sp;polypterus_senegalus),2.50605,2.52003,71543.4,238.293,234.678,3.61562,1.69182,33656
(megalops_sp;pundamilia_nyererei),2.47301,2.47891,106232,22.5602,21.2747,1.28551,-0.778216,51685
(megalops_sp;salvelinus_fontinalis),2.52605,2.53632,30639.5,7.29159,6.12584,1.16575,0.782719,14262
(megalops_sp;taenianotus_triacanthus),2.49455,2.49991,99325.8,66.9572,66.8889,0.0683245,-0.217104,47525
(megalops_sp;takifugu_rupribes),2.43691,2.4419,104509,73.4243,71.2981,2.12619,-0.0698819,52363
(megalops_sp;tetraodon_nigroviridis),2.42208,2.42695,102969,60.9898,59.3753,1.61448,-0.224372,52226
(megalops_sp;umbra_limi),2.47903,2.48597,94297.5,8.0451,7.31469,0.730412,0.39805,45640
(megalops_sp;acipenser_fulvescens),2.54929,2.56296,33309.7,58.1614,53.8744,4.28696,-0.424041,15170
(megalops_sp;strophidon_sathete),2.6987,2.712,91382,3.70469,2.3602,1.34449,0.170483,37232
(neolamprologus_brichardi;oreochromis_niloticus),2.98743,2.98379,363711,2.40519,0.640292,1.7649,-1.05145,122557
(neolamprologus_brichardi;oryzias_latipes),2.80382,2.80137,313449,11.2402,1.84096,9.39921,-2.58559,119767
(neolamprologus_brichardi;osteoglossum_bicirrhosum),2.44391,2.44111,111151,38.4448,36.7752,1.66953,1.0282,55714
(neolamprologus_brichardi;pantodon_buchholzi),2.39408,2.39564,109779,100.74,98.7851,1.95443,0.0325926,57063
(neolamprologus_brichardi;polypterus_senegalus),2.36077,2.36854,129113,542.258,541.907,0.351243,0.011977,68568
(neolamprologus_brichardi;pundamilia_nyererei),2.99401,2.99041,364580,6.38236,4.82209,1.56028,1.15284,122307
(neolamprologus_brichardi;salvelinus_fontinalis),2.63169,2.63244,70781.1,3.42566,1.92357,1.5021,0.983544,30596
(neolamprologus_brichardi;taenianotus_triacanthus),2.89284,2.89218,292375,100.609,81.2396,19.369,-2.5568,104837
(neolamprologus_brichardi;takifugu_rupribes),2.76819,2.76265,309709,114.166,107.594,6.57225,0.451261,121633
(neolamprologus_brichardi;tetraodon_nigroviridis),2.75482,2.75054,303990,99.8314,97.7199,2.11148,-0.229311,120431
(neolamprologus_brichardi;umbra_limi),2.58717,2.59376,195797,10.7176,7.56077,3.15685,0.18717,87157
(neolamprologus_brichardi;acipenser_fulvescens),2.39094,2.39834,65749.2,180.263,176.161,4.10145,-0.772894,34105
(neolamprologus_brichardi;strophidon_sathete),2.43126,2.43593,119362,8.51985,6.62626,1.89359,-0.122255,60097
(oreochromis_niloticus;oryzias_latipes),2.80411,2.80237,317334,11.3802,2.96345,8.41671,-2.62322,121166
(oreochromis_niloticus;osteoglossum_bicirrhosum),2.44175,2.43924,113296,36.4074,33.9856,2.42182,1.09498,56876
(oreochromis_niloticus;pantodon_buchholzi),2.38894,2.39102,112895,98.5828,96.1535,2.42934,0.312246,58909
(oreochromis_niloticus;polypterus_senegalus),2.35745,2.36545,129987,586.392,586.003,0.38966,0.283377,69195
(oreochromis_niloticus;pundamilia_nyererei),2.98589,2.9833,368081,10.5722,4.88788,5.68428,1.89542,124071
(oreochromis_niloticus;salvelinus_fontinalis),2.63147,2.63284,72493.4,2.84537,1.52794,1.31743,0.94158,31326
(oreochromis_niloticus;taenianotus_triacanthus),2.89417,2.89455,297671,93.2885,80.1994,13.0891,-1.89786,106562
(oreochromis_niloticus;takifugu_rupribes),2.76704,2.76238,314118,129.634,122.074,7.56005,0.483181,123387
(oreochromis_niloticus;tetraodon_nigroviridis),2.75387,2.75045,308568,104.513,101.809,2.70318,-0.16308,122254
(oreochromis_niloticus;umbra_limi),2.5851,2.59219,199493,13.0832,10.389,2.69423,0.170146,88909
(oreochromis_niloticus;acipenser_fulvescens),2.38969,2.39785,66136.8,182.602,178.447,4.15499,-0.895701,34319
(oreochromis_niloticus;strophidon_sathete),2.4288,2.43431,121194,10.4437,9.33874,1.10499,0.124269,61097
(oryzias_latipes;osteoglossum_bicirrhosum),2.4169,2.41416,110650,38.5913,36.9375,1.65375,1.09749,56694
(oryzias_latipes;pantodon_buchholzi),2.36402,2.36542,109601,91.8168,90.9372,0.879603,0.367395,58419
(oryzias_latipes;polypterus_senegalus),2.33898,2.34692,128131,534.289,532.612,1.67651,-0.565099,69299
(oryzias_latipes;pundamilia_nyererei),2.80503,2.80321,316321,15.1444,3.8945,11.2499,2.92314,120707
(oryzias_latipes;salvelinus_fontinalis),2.59744,2.59785,69356.8,5.0384,2.22292,2.81549,0.594323,30779
(oryzias_latipes;taenianotus_triacanthus),2.82005,2.81978,278537,40.0442,37.1651,2.87911,0.687767,105048
(oryzias_latipes;takifugu_rupribes),2.71159,2.70738,297185,80.2694,74.9644,5.30507,1.96456,121503
(oryzias_latipes;tetraodon_nigroviridis),2.70173,2.69791,294134,76.126,69.8153,6.3107,2.00674,121092
(oryzias_latipes;umbra_limi),2.55027,2.55666,191593,10.1732,7.63682,2.53637,0.983707,87751
(oryzias_latipes;acipenser_fulvescens),2.36742,2.3755,63973.9,157.448,153.92,3.52787,0.189659,33823
(oryzias_latipes;strophidon_sathete),2.40312,2.40786,117546,11.7588,9.53058,2.22823,-0.00915507,60562
(osteoglossum_bicirrhosum;pantodon_buchholzi),2.54955,2.54997,82121,18.2275,14.8601,3.36744,0.294893,37766
(osteoglossum_bicirrhosum;polypterus_senegalus),2.43736,2.44259,83707.5,534.17,531.04,3.13003,0.278683,41781
(osteoglossum_bicirrhosum;pundamilia_nyererei),2.44049,2.43771,113050,39.1665,36.9564,2.21013,-0.919526,56822
(osteoglossum_bicirrhosum;salvelinus_fontinalis),2.48378,2.4771,34752.8,20.2899,11.9552,8.3347,-0.164304,16934
(osteoglossum_bicirrhosum;taenianotus_triacanthus),2.45499,2.45235,104322,10.5397,9.88382,0.6559,0.362746,51830
(osteoglossum_bicirrhosum;takifugu_rupribes),2.40286,2.39901,110239,10.7577,5.3139,5.44383,0.667331,57178
(osteoglossum_bicirrhosum;tetraodon_nigroviridis),2.39989,2.39548,109865,7.61069,3.41959,4.19109,0.561491,57155
(osteoglossum_bicirrhosum;umbra_limi),2.42084,2.42203,97966.2,37.0157,32.064,4.95168,-1.20876,49883
(osteoglossum_bicirrhosum;acipenser_fulvescens),2.46056,2.47211,44801.8,156.261,155.27,0.991134,-0.783126,21877
(osteoglossum_bicirrhosum;strophidon_sathete),2.5057,2.5067,84565.8,45.2887,44.311,0.977683,-0.149732,40221
(pantodon_buchholzi;polypterus_senegalus),2.3599,2.36669,82169,600.78,599.143,1.6366,-0.101351,43603
(pantodon_buchholzi;pundamilia_nyererei),2.3886,2.39054,112629,94.5065,92.4823,2.02428,-0.199033,58795
(pantodon_buchholzi;salvelinus_fontinalis),2.41342,2.41426,36346.2,30.2064,27.6145,2.59198,0.740458,18619
(pantodon_buchholzi;taenianotus_triacanthus),2.41014,2.40909,109002,51.566,49.6915,1.87451,-0.661227,56058
(pantodon_buchholzi;takifugu_rupribes),2.35541,2.35602,111244,39.6596,38.8464,0.813211,-0.444849,59777
(pantodon_buchholzi;tetraodon_nigroviridis),2.34701,2.34757,109920,41.0131,39.5845,1.42857,-0.369227,59468
(pantodon_buchholzi;umbra_limi),2.36229,2.36553,95484.5,109.576,107.177,2.39893,-1.46809,50886
(pantodon_buchholzi;acipenser_fulvescens),2.38673,2.39541,40620.5,313.939,313.333,0.60525,-0.296262,21039
(pantodon_buchholzi;strophidon_sathete),2.42305,2.42796,81123.6,100.488,100.304,0.18386,0.407192,41075
(polypterus_senegalus;pundamilia_nyererei),2.35842,2.36641,129071,574.203,573.902,0.301035,-0.0623152,68658
(polypterus_senegalus;salvelinus_fontinalis),2.39408,2.39773,38198.5,100.432,96.6585,3.77402,1.728,19835
(polypterus_senegalus;taenianotus_triacanthus),2.37665,2.38387,123483,666.206,664.019,2.1865,-0.252031,64719
(polypterus_senegalus;takifugu_rupribes),2.32505,2.33172,128492,732.637,728.235,4.40208,0.985443,70306
(polypterus_senegalus;tetraodon_nigroviridis),2.31511,2.32165,127000,721.257,719.059,2.1988,1.06302,70089
(polypterus_senegalus;umbra_limi),2.36523,2.37542,108867,328.225,327.122,1.10375,0.187833,57542
(polypterus_senegalus;acipenser_fulvescens),2.65106,2.66817,67377.3,4.0575,2.5056,1.5519,-0.0748906,28356
(polypterus_senegalus;strophidon_sathete),2.4385,2.45084,88957.6,262.533,259.933,2.60013,-1.51201,44201
(pundamilia_nyererei;salvelinus_fontinalis),2.63083,2.63195,71821.4,2.17397,1.21433,0.959637,0.654697,31057
(pundamilia_nyererei;taenianotus_triacanthus),2.89251,2.89272,295834,92.1963,76.7698,15.4265,-2.20937,106038
(pundamilia_nyererei;takifugu_rupribes),2.76804,2.76329,313088,124.392,118.423,5.96917,0.0087864,122903
(pundamilia_nyererei;tetraodon_nigroviridis),2.75483,2.75136,307230,105.893,102.621,3.27208,-0.430645,121643
(pundamilia_nyererei;umbra_limi),2.58632,2.59324,199106,12.9698,10.0079,2.96189,-0.186571,88666
(pundamilia_nyererei;acipenser_fulvescens),2.39118,2.39921,65424.9,182.437,177.727,4.70974,-0.668677,33911
(pundamilia_nyererei;strophidon_sathete),2.42996,2.43523,120566,11.2818,9.92412,1.35768,-0.135991,60735
(salvelinus_fontinalis;taenianotus_triacanthus),2.64516,2.64543,68516.7,7.75022,5.19512,2.5551,-0.812827,29328
(salvelinus_fontinalis;takifugu_rupribes),2.58177,2.58263,70289.3,10.1545,7.78455,2.36999,-1.26232,31551
(salvelinus_fontinalis;tetraodon_nigroviridis),2.56553,2.56628,69454.2,14.0591,7.05387,7.0052,-2.53134,31569
(salvelinus_fontinalis;umbra_limi),2.74157,2.75127,68660.7,4.66199,4.32225,0.339736,-0.186322,27196
(salvelinus_fontinalis;acipenser_fulvescens),2.42582,2.43336,19192.2,52.2088,50.4523,1.75649,-0.59396,9680
(salvelinus_fontinalis;strophidon_sathete),2.45612,2.46355,37705.1,5.27349,4.14995,1.12354,-0.0462062,18579
(taenianotus_triacanthus;takifugu_rupribes),2.8019,2.79934,279166,25.1907,16.0672,9.12359,0.492157,106814
(taenianotus_triacanthus;tetraodon_nigroviridis),2.78901,2.78679,276406,15.8041,9.06921,6.73489,0.971591,106704
(taenianotus_triacanthus;umbra_limi),2.59686,2.6016,187607,49.8975,49.2654,0.632045,0.209199,83005
(taenianotus_triacanthus;acipenser_fulvescens),2.40249,2.40869,62791,243.968,240.5,3.46794,-0.774771,32281
(taenianotus_triacanthus;strophidon_sathete),2.44612,2.45084,115703,52.7764,48.7016,4.07483,0.339174,57553
(takifugu_rupribes;tetraodon_nigroviridis),2.8619,2.85564,337166,10.5683,4.94437,5.62397,0.352549,124005
(takifugu_rupribes;umbra_limi),2.53216,2.53677,192169,84.1789,77.915,6.26386,-0.224178,89359
(takifugu_rupribes;acipenser_fulvescens),2.3751,2.38132,66242.7,271.539,266.198,5.34075,-1.03651,34825
(takifugu_rupribes;strophidon_sathete),2.39132,2.39583,119143,43.1586,40.38,2.77865,0.626247,61968
(tetraodon_nigroviridis;umbra_limi),2.52277,2.52774,190452,61.9731,59.908,2.06502,-0.672241,89183
(tetraodon_nigroviridis;acipenser_fulvescens),2.3647,2.37075,65472.2,270.542,264.974,5.56829,-1.02622,34716
(tetraodon_nigroviridis;strophidon_sathete),2.37988,2.384,118255,41.883,40.4829,1.4001,0.61092,62104
(umbra_limi;acipenser_fulvescens),2.37884,2.38936,54387.2,128.121,124.681,3.43928,-0.799714,28433
(umbra_limi;strophidon_sathete),2.43451,2.44246,103093,8.55752,3.64114,4.91638,-0.241963,51653
(acipenser_fulvescens;strophidon_sathete),2.47945,2.48711,49519.5,104.188,101.735,2.45287,-0.660711,23928
