"Pair","pair_1","pair_2","Bowker_pv","Bowker_ts","Stuart_pv","Stuart_ts","IS_pv","IS_ts","QS_pv","QS_ts","Sat_cassius1_pv","Sat_test_Cassius1","Sat_cassius2_pv","Sat_test_Cassius2","Chi_Test_pv","Chi_test"
"(acanthurus_japonicus;amia_calva)","acanthurus_japonicus","amia_calva",1.44738569496056e-109,522.112,1.36953555731675e-111,516.344,0.123463302140016,5.76793,0.0419969874525175,-2.03355,0,2.45225,0,2.46051,0,156976
"(acanthurus_japonicus;anchoa_compressa)","acanthurus_japonicus","anchoa_compressa",4.52490769868808e-17,89.1613,1.22341908586786e-18,86.5213,0.450525338460952,2.63997,0.315325595889544,1.00411,0,2.45618,0,2.45803,0,119098
"(acanthurus_japonicus;antennarius_striatus)","acanthurus_japonicus","antennarius_striatus",0.0776034639750139,11.3696,0.155260975174918,5.23673,0.105322668059066,6.13285,0.491120344072341,0.688528,0,2.86814,0,2.87513,0,267330
"(acanthurus_japonicus;astyanax_fasciatus)","acanthurus_japonicus","astyanax_fasciatus",3.10944275470273e-26,132.926,1.09468480038756e-27,128.579,0.226282188883661,4.34772,0.46819502038434,-0.725419,0,2.47132,0,2.47074,0,150998
"(acanthurus_japonicus;danio_rerio)","acanthurus_japonicus","danio_rerio",0.0159301692905439,15.6225,0.250069975425547,4.10767,0.0092442843386542,11.5148,0.0446613597299581,-2.00783,0,2.44017,0,2.43946,0,149842
"(acanthurus_japonicus;diaphus_theta)","acanthurus_japonicus","diaphus_theta",2.73756074180409e-15,80.5598,5.97035437014715e-17,78.6527,0.591891381001911,1.90719,0.595523421485328,-0.530849,0,2.77474,0,2.77984,0,227957
"(acanthurus_japonicus;gadus_morhua)","acanthurus_japonicus","gadus_morhua",1.13524974555623e-116,555.078,1.4049475957479e-119,553.203,0.598828648962258,1.87464,0.163910285572852,1.39204,0,2.6048,0,2.60382,0,189091
"(acanthurus_japonicus;gasterosteus_aculeatus)","acanthurus_japonicus","gasterosteus_aculeatus",8.56688111009331e-51,248.503,5.51880542242435e-51,236.47,0.0072719794343836,12.0327,0.868324577040077,0.165787,0,2.88147,0,2.88017,0,301421
"(acanthurus_japonicus;haplochromis_burtoni)","acanthurus_japonicus","haplochromis_burtoni",0.0014730804261913,21.5293,0.000630580755473862,17.2407,0.231943565594533,4.28856,0.107951305238413,-1.60747,0,2.90182,0,2.90432,0,302436
"(acanthurus_japonicus;lampris_guttatus)","acanthurus_japonicus","lampris_guttatus",8.32896008712083e-25,126.144,9.15497442375163e-27,124.298,0.604829906601345,1.84668,0.347137547500422,0.940156,0,2.8047,0,2.80726,0,246300
"(acanthurus_japonicus;lepisosteus_oculatus)","acanthurus_japonicus","lepisosteus_oculatus",2.19135948951957e-155,734.481,1.20424838249683e-158,733.394,0.780232549198702,1.08692,0.585918592701697,-0.54476,0,2.42733,0,2.43899,0,184301
"(acanthurus_japonicus;megalops_sp)","acanthurus_japonicus","megalops_sp",1.93984043585232e-06,36.7843,5.88828357325714e-08,36.4937,0.961779309279375,0.290639,0.855203694403077,-0.182483,0,2.49344,0,2.49895,0,105595
"(acanthurus_japonicus;neolamprologus_brichardi)","acanthurus_japonicus","neolamprologus_brichardi",0.00149957557689407,21.4864,0.000227732394901321,19.3837,0.551362684842947,2.10272,0.402798890350491,-0.836633,0,2.90415,0,2.9056,0,299942
"(acanthurus_japonicus;oreochromis_niloticus)","acanthurus_japonicus","oreochromis_niloticus",0.00365583967184519,19.3201,0.00122315944872294,15.8396,0.323296107878319,3.48053,0.119413514761945,-1.55724,0,2.90321,0,2.90582,0,304811
"(acanthurus_japonicus;oryzias_latipes)","acanthurus_japonicus","oryzias_latipes",0.037911017019136,13.3423,0.0278440778982362,9.11154,0.237603181962752,4.23073,0.126770958203761,-1.52696,0,2.82832,0,2.83065,0,286410
"(acanthurus_japonicus;osteoglossum_bicirrhosum)","acanthurus_japonicus","osteoglossum_bicirrhosum",0.0324338491789733,13.7601,0.00445759543983057,13.0844,0.87888938130036,0.675763,0.560213780495881,-0.582524,0,2.45165,0,2.45043,0,110071
"(acanthurus_japonicus;pantodon_buchholzi)","acanthurus_japonicus","pantodon_buchholzi",1.24709316248506e-14,77.3696,1.42584663151498e-16,76.8895,0.923250876425663,0.480055,0.618567215008226,0.497882,0,2.41089,0,2.41211,0,110581
"(acanthurus_japonicus;polypterus_senegalus)","acanthurus_japonicus","polypterus_senegalus",9.1300333692525e-120,569.431,1.15420585114331e-122,567.437,0.573623859915273,1.99414,0.692636257831312,-0.39528,0,2.37264,0,2.38184,0,123914
"(acanthurus_japonicus;pundamilia_nyererei)","acanthurus_japonicus","pundamilia_nyererei",0.00179415037851302,21.0539,0.000248537820432958,19.2002,0.603323807560725,1.85368,0.341778015399498,-0.950658,0,2.90398,0,2.90658,0,303712
"(acanthurus_japonicus;salvelinus_fontinalis)","acanthurus_japonicus","salvelinus_fontinalis",0.452228158220715,5.74607,0.598655372296414,1.87545,0.275778008419569,3.87062,0.59731750234717,0.528262,0,2.64634,0,2.6494,0,71452.2
"(acanthurus_japonicus;taenianotus_triacanthus)","acanthurus_japonicus","taenianotus_triacanthus",5.88326815438416e-06,34.3014,4.10593447854282e-07,32.4999,0.614602047229543,1.80153,0.275968715716784,-1.08942,0,2.92273,0,2.92183,0,289154
"(acanthurus_japonicus;takifugu_rupribes)","acanthurus_japonicus","takifugu_rupribes",2.30548943717112e-14,76.0749,1.02604433932657e-15,72.8904,0.364047172739293,3.18448,0.541361126473181,0.610756,0,2.81457,0,2.81415,0,287503
"(acanthurus_japonicus;tetraodon_nigroviridis)","acanthurus_japonicus","tetraodon_nigroviridis",1.03195265007597e-08,48.2943,3.43250473980667e-09,42.3193,0.112831409789956,5.97503,0.412972434483152,-0.818674,0,2.79974,0,2.79973,0,284488
"(acanthurus_japonicus;umbra_limi)","acanthurus_japonicus","umbra_limi",2.10310844692365e-06,36.6041,2.0824964793592e-07,33.8974,0.439098379210956,2.70665,0.801229668938258,0.251756,0,2.59544,0,2.60126,0,194381
"(acanthurus_japonicus;acipenser_fulvescens)","acanthurus_japonicus","acipenser_fulvescens",2.13072327017075e-43,213.849,7.51055146701993e-45,208.096,0.124260199803698,5.7531,0.542491960554117,-0.609049,0,2.40006,0,2.40635,0,63602.4
"(acanthurus_japonicus;strophidon_sathete)","acanthurus_japonicus","strophidon_sathete",0.000342971860947742,24.9896,7.92736153438114e-05,21.5929,0.334410321392639,3.39669,0.855920978830436,0.181569,0,2.4546,0,2.45945,0,119117
"(amia_calva;anchoa_compressa)","amia_calva","anchoa_compressa",2.03515349230544e-105,502.86,4.35089253596135e-108,500.185,0.444595291127341,2.6744,0.734488447337749,0.339161,0,2.40865,0,2.41324,0,93270.6
"(amia_calva;antennarius_striatus)","amia_calva","antennarius_striatus",7.87316503629059e-86,411.861,8.45701358527978e-88,406.546,0.150139114375494,5.31489,0.0548086557301366,1.92039,0,2.41805,0,2.42888,0,145018
"(amia_calva;astyanax_fasciatus)","amia_calva","astyanax_fasciatus",1.09396822783715e-178,842.336,9.32371469955538e-182,839.96,0.498046622624631,2.37638,0.610560179731206,0.509274,0,2.41307,0,2.41785,0,116065
"(amia_calva;danio_rerio)","amia_calva","danio_rerio",1.25652570269166e-75,364.387,3.5222465018704e-78,362.131,0.520944319377997,2.2563,0.540025123411339,0.612775,0,2.38552,0,2.39081,0,118351
"(amia_calva;diaphus_theta)","amia_calva","diaphus_theta",1.3713431549094e-136,647.417,1.34666279643985e-139,645.545,0.599500672863655,1.8715,0.214306672277823,1.24181,0,2.42112,0,2.43147,0,133161
"(amia_calva;gadus_morhua)","amia_calva","gadus_morhua",1.66957225095736e-216,1017.24,8.80537765890133e-220,1015.26,0.576974985969373,1.97805,0.222897333864738,1.21886,0,2.33162,0,2.33503,0,116624
"(amia_calva;gasterosteus_aculeatus)","amia_calva","gasterosteus_aculeatus",3.01384271451165e-176,831.045,4.99483774521752e-178,822.767,0.0406126979578791,8.27744,0.0119444919046841,2.51378,0,2.42139,0,2.42686,0,161922
"(amia_calva;haplochromis_burtoni)","amia_calva","haplochromis_burtoni",1.58746926819855e-99,475.503,3.41107516091561e-102,472.985,0.471940820357023,2.51859,0.175596043410224,1.35444,0,2.43423,0,2.44256,0,162500
"(amia_calva;lampris_guttatus)","amia_calva","lampris_guttatus",3.34581333627153e-155,733.63,2.51896903563988e-158,731.916,0.633739322381086,1.71439,0.514592786908167,0.651703,0,2.43443,0,2.44356,0,144930
"(amia_calva;lepisosteus_oculatus)","amia_calva","lepisosteus_oculatus",0.00694108298398009,17.7309,0.000558250065339543,17.4977,0.972048869666982,0.233263,0.963326429847718,0.0459797,0,2.78459,0,2.80596,0,211042
"(amia_calva;megalops_sp)","amia_calva","megalops_sp",7.48576972005768e-42,206.594,7.36825612716246e-44,203.507,0.378461931955967,3.08662,0.925234826575316,-0.0938418,0,2.5978,0,2.61219,0,95304.3
"(amia_calva;neolamprologus_brichardi)","amia_calva","neolamprologus_brichardi",3.20788298737715e-97,464.795,4.94435328486866e-100,463.011,0.618567031954949,1.78334,0.345961275058936,0.942452,0,2.43728,0,2.44517,0,161744
"(amia_calva;oreochromis_niloticus)","amia_calva","oreochromis_niloticus",5.77826834232398e-101,482.185,1.46771398132591e-103,479.29,0.408196404002625,2.89439,0.160423098277149,1.40365,0,2.43281,0,2.4409,0,162191
"(amia_calva;oryzias_latipes)","amia_calva","oryzias_latipes",4.4087732619433e-88,422.331,6.44023913619601e-91,420.941,0.708084686352262,1.38913,0.640309578726308,0.467266,0,2.40561,0,2.41337,0,157881
"(amia_calva;osteoglossum_bicirrhosum)","amia_calva","osteoglossum_bicirrhosum",1.46188391347646e-94,452.444,2.59168933711829e-97,450.46,0.575761287331205,1.98387,0.154550710511387,1.42364,0,2.5203,0,2.52543,0,101017
"(amia_calva;pantodon_buchholzi)","amia_calva","pantodon_buchholzi",2.00310405328686e-105,502.892,4.10414518218708e-108,500.302,0.459359689297828,2.58935,0.214720289870864,1.24069,0,2.44987,0,2.45633,0,97534.5
"(amia_calva;polypterus_senegalus)","amia_calva","polypterus_senegalus",4.96112535050883e-14,74.4586,3.45013552164769e-15,70.4316,0.258556925295721,4.02706,0.328201943482713,0.977742,0,2.63976,0,2.65839,0,144576
"(amia_calva;pundamilia_nyererei)","amia_calva","pundamilia_nyererei",4.40613799893508e-99,473.444,1.33183854751878e-101,470.255,0.363327865426752,3.18945,0.145835439958901,1.4544,0,2.43473,0,2.44281,0,162374
"(amia_calva;salvelinus_fontinalis)","amia_calva","salvelinus_fontinalis",6.23739451776879e-20,102.896,5.38210002012228e-21,97.4908,0.144429270638879,5.40505,0.0259492788527789,2.22697,0,2.4769,0,2.48178,0,48858.3
"(amia_calva;taenianotus_triacanthus)","amia_calva","taenianotus_triacanthus",3.32800189332424e-127,603.92,8.02672565146209e-130,600.456,0.325546704147229,3.46335,0.0786641715957082,1.75849,0,2.44766,0,2.45464,0,152289
"(amia_calva;takifugu_rupribes)","amia_calva","takifugu_rupribes",7.59936994023164e-140,662.505,8.24169017120447e-142,655.753,0.0802669500914933,6.75115,0.108899334081009,1.60316,0,2.39535,0,2.40205,0,159058
"(amia_calva;tetraodon_nigroviridis)","amia_calva","tetraodon_nigroviridis",2.57038145458996e-141,669.319,2.18537487956318e-143,663.024,0.0981164559594533,6.29479,0.0757131404190845,1.77612,0,2.38249,0,2.38871,0,157117
"(amia_calva;umbra_limi)","amia_calva","umbra_limi",2.5979013004809e-55,269.634,4.93138985095237e-57,264.437,0.157883988731435,5.19764,0.126167790003493,1.52939,0,2.4314,0,2.4419,0,133837
"(amia_calva;acipenser_fulvescens)","amia_calva","acipenser_fulvescens",0.0101868346083979,16.765,0.00249372936118074,14.3257,0.486360869063273,2.4393,0.204926540545795,-1.26764,0,2.65507,0,2.6689,0,71844.3
"(amia_calva;strophidon_sathete)","amia_calva","strophidon_sathete",2.27099375263639e-39,194.934,7.45886475003105e-42,194.226,0.871315491298868,0.708022,0.979038473701037,0.0262744,0,2.51885,0,2.53129,0,107519
"(anchoa_compressa;antennarius_striatus)","anchoa_compressa","antennarius_striatus",7.45211622834095e-20,102.526,1.20735144929696e-21,100.51,0.569171053036085,2.01562,0.212845174039359,-1.24578,0,2.41259,0,2.41568,0,110390
"(anchoa_compressa;astyanax_fasciatus)","anchoa_compressa","astyanax_fasciatus",0.519087511691505,5.19476,0.403816155507293,2.92195,0.517747861599605,2.27282,0.860581489401106,-0.175634,0,2.48865,0,2.48496,0,101137
"(anchoa_compressa;danio_rerio)","anchoa_compressa","danio_rerio",5.16172101820191e-10,54.7687,6.90971106595462e-10,45.5966,0.027088478273231,9.17207,0.79966552540971,0.25378,0,2.436,0,2.43239,0,94499.1
"(anchoa_compressa;diaphus_theta)","anchoa_compressa","diaphus_theta",2.34876431669881e-06,36.3576,4.61663241450086e-07,32.2584,0.25094756098711,4.09922,0.611086613453493,-0.508523,0,2.43113,0,2.4344,0,106425
"(anchoa_compressa;gadus_morhua)","anchoa_compressa","gadus_morhua",6.76850101754297e-06,33.9863,2.62231446156169e-07,33.4231,0.904809285816727,0.563171,0.687160105035769,0.402712,0,2.34432,0,2.34149,0,91176.4
"(anchoa_compressa;gasterosteus_aculeatus)","anchoa_compressa","gasterosteus_aculeatus",0.00886695272079275,17.1158,0.00372646170399189,13.468,0.302086632789397,3.64785,0.352040850915377,-0.930638,0,2.43059,0,2.42931,0,120739
"(anchoa_compressa;haplochromis_burtoni)","anchoa_compressa","haplochromis_burtoni",5.55289106301575e-18,93.5448,9.97529881579759e-19,86.9342,0.0854016664022426,6.61059,0.0231270084486095,-2.27133,0,2.43867,0,2.44035,0,120135
"(anchoa_compressa;lampris_guttatus)","anchoa_compressa","lampris_guttatus",0.0273949781586333,14.2082,0.00563302335290057,12.5822,0.653499943541086,1.62604,0.558712466243006,-0.584755,0,2.44349,0,2.44454,0,110049
"(anchoa_compressa;lepisosteus_oculatus)","anchoa_compressa","lepisosteus_oculatus",2.68934715077592e-125,595.077,3.79109700473193e-128,592.733,0.504108173633108,2.34419,0.242629328106848,-1.16844,0,2.39281,0,2.40089,0,107992
"(anchoa_compressa;megalops_sp)","anchoa_compressa","megalops_sp",1.60324471754202e-36,181.533,4.69962101043638e-39,181.266,0.966106896402069,0.26702,0.676319305932887,-0.417491,0,2.45476,0,2.45761,0,57669
"(anchoa_compressa;neolamprologus_brichardi)","anchoa_compressa","neolamprologus_brichardi",1.43033393220847e-17,91.5689,1.30675346234347e-18,86.388,0.159025450261327,5.18082,0.062735704098372,-1.86106,0,2.44368,0,2.4441,0,118660
"(anchoa_compressa;oreochromis_niloticus)","anchoa_compressa","oreochromis_niloticus",1.00352980000977e-16,87.4945,1.71087903918173e-17,81.1832,0.0974072186113412,6.31134,0.0323014664265699,-2.14066,0,2.44242,0,2.44384,0,120655
"(anchoa_compressa;oryzias_latipes)","anchoa_compressa","oryzias_latipes",1.3683278425062e-18,96.4667,3.29023026763989e-20,93.8324,0.451502815926049,2.63433,0.206011166559519,-1.26461,0,2.41506,0,2.41619,0,117307
"(anchoa_compressa;osteoglossum_bicirrhosum)","anchoa_compressa","osteoglossum_bicirrhosum",0.00836376094513049,17.263,0.0482565617309905,7.89388,0.0247649115940476,9.36915,0.864339353728602,0.170853,0,2.40024,0,2.39272,0,67275.3
"(anchoa_compressa;pantodon_buchholzi)","anchoa_compressa","pantodon_buchholzi",0.179330907326778,8.89913,0.0428000647704754,8.16094,0.864187785579865,0.738185,0.51097260774205,-0.657324,0,2.35228,0,2.35127,0,66408.9
"(anchoa_compressa;polypterus_senegalus)","anchoa_compressa","polypterus_senegalus",1.05756694099843e-98,471.678,1.15992290835651e-101,470.532,0.765908037488627,1.14631,0.443006010251083,-0.767127,0,2.34464,0,2.34989,0,77811.3
"(anchoa_compressa;pundamilia_nyererei)","anchoa_compressa","pundamilia_nyererei",6.2327503100491e-18,93.3037,6.41417106483514e-19,87.8274,0.140060615874904,5.47634,0.047954659301064,-1.97777,0,2.43952,0,2.44079,0,120477
"(anchoa_compressa;salvelinus_fontinalis)","anchoa_compressa","salvelinus_fontinalis",1.28219717939394e-10,57.7592,2.64152771775207e-10,47.5602,0.0169481432578876,10.199,0.0294149718680607,-2.17788,0,2.52616,0,2.52535,0,44977.4
"(anchoa_compressa;taenianotus_triacanthus)","anchoa_compressa","taenianotus_triacanthus",8.43352317048109e-09,48.7326,3.76389684960835e-10,46.8373,0.594421414478844,1.89529,0.20032365747347,-1.28063,0,2.46225,0,2.46196,0,114969
"(anchoa_compressa;takifugu_rupribes)","anchoa_compressa","takifugu_rupribes",5.17976925850315e-06,34.5874,4.85895016942445e-07,32.153,0.487268727327417,2.43437,0.182935778904147,-1.33177,0,2.39927,0,2.39949,0,117262
"(anchoa_compressa;tetraodon_nigroviridis)","anchoa_compressa","tetraodon_nigroviridis",0.000467775739334899,24.2599,3.90113048436287e-05,23.072,0.755915032802783,1.18787,0.411629749862428,-0.821029,0,2.3855,0,2.38508,0,117311
"(anchoa_compressa;umbra_limi)","anchoa_compressa","umbra_limi",4.4762376067515e-26,132.175,2.40753833637932e-28,131.631,0.909183162061229,0.543735,0.530708398869292,0.626925,0,2.44273,0,2.44514,0,103218
"(anchoa_compressa;acipenser_fulvescens)","anchoa_compressa","acipenser_fulvescens",2.38306483722706e-33,166.585,8.94384515460958e-36,166.077,0.917069705335826,0.508275,0.485332927599911,-0.697751,0,2.38372,0,2.38965,0,37601.7
"(anchoa_compressa;strophidon_sathete)","anchoa_compressa","strophidon_sathete",9.18581511906997e-20,102.091,1.20079367737047e-21,100.521,0.666074290443778,1.5706,0.851457567568253,0.187259,0,2.40499,0,2.40598,0,74246.6
"(antennarius_striatus;astyanax_fasciatus)","antennarius_striatus","astyanax_fasciatus",3.65233703263553e-27,137.338,1.71722820440043e-29,136.951,0.942744079496159,0.387834,0.943794665876315,-0.0705013,0,2.43412,0,2.43538,0,138519
"(antennarius_striatus;danio_rerio)","antennarius_striatus","danio_rerio",0.000232546670008447,25.8985,0.00112896334333723,16.0094,0.0195324666987688,9.88913,0.0255311446151676,-2.23327,0,2.39987,0,2.40345,0,137985
"(antennarius_striatus;diaphus_theta)","antennarius_striatus","diaphus_theta",1.31544649263101e-19,101.344,2.08035525125387e-21,99.411,0.586418032958848,1.93305,0.889026610298212,0.139536,0,2.72272,0,2.72993,0,208620
"(antennarius_striatus;gadus_morhua)","antennarius_striatus","gadus_morhua",4.55472992179392e-113,538.362,2.87569590372048e-116,537.927,0.932988820701012,0.43468,0.59737996143314,0.528172,0,2.57302,0,2.57623,0,172069
"(antennarius_striatus;gasterosteus_aculeatus)","antennarius_striatus","gasterosteus_aculeatus",9.89923371773814e-39,191.928,3.98851939937103e-40,186.226,0.127030551698229,5.70224,0.646238474746743,-0.458994,0,2.81551,0,2.82076,0,267827
"(antennarius_striatus;haplochromis_burtoni)","antennarius_striatus","haplochromis_burtoni",0.965770150533085,1.40145,0.877925860226461,0.67988,0.868118175088319,0.721574,0.434995432887765,0.780672,0,2.83816,0,2.84733,0,268386
"(antennarius_striatus;lampris_guttatus)","antennarius_striatus","lampris_guttatus",9.15292054315359e-32,159.107,8.64646483497403e-34,156.878,0.526127974775113,2.22967,0.484503911378094,0.699077,0,2.7538,0,2.75903,0,228290
"(antennarius_striatus;lepisosteus_oculatus)","antennarius_striatus","lepisosteus_oculatus",8.44294263941465e-124,588.137,5.13798363464834e-127,587.511,0.890432697078711,0.626098,0.551925692506671,-0.594877,0,2.39994,0,2.41563,0,168495
"(antennarius_striatus;megalops_sp)","antennarius_striatus","megalops_sp",0.00286342185409001,19.9185,0.000210459052505184,19.5492,0.946516420900421,0.369262,0.893101305158515,-0.134381,0,2.44957,0,2.4579,0,95780.3
"(antennarius_striatus;neolamprologus_brichardi)","antennarius_striatus","neolamprologus_brichardi",0.925958654654639,1.93072,0.745660557257996,1.23066,0.87319007157872,0.700059,0.421952193242841,0.803039,0,2.84023,0,2.84828,0,266248
"(antennarius_striatus;oreochromis_niloticus)","antennarius_striatus","oreochromis_niloticus",0.860599584174037,2.56959,0.615211341023058,1.79873,0.856424429325512,0.770856,0.382690331411721,0.87295,0,2.83966,0,2.84869,0,270511
"(antennarius_striatus;oryzias_latipes)","antennarius_striatus","oryzias_latipes",0.196854713788765,8.60798,0.131433465380958,5.62354,0.394030449085741,2.98444,0.383278755873219,-0.871871,0,2.77363,0,2.78248,0,255580
"(antennarius_striatus;osteoglossum_bicirrhosum)","antennarius_striatus","osteoglossum_bicirrhosum",1.51885490518504e-05,32.1624,1.75275071417827e-06,29.5063,0.44774615447467,2.65606,0.393609951006043,-0.853089,0,2.42182,0,2.42238,0,97719.3
"(antennarius_striatus;pantodon_buchholzi)","antennarius_striatus","pantodon_buchholzi",9.71714108772297e-16,82.7353,1.17029736663873e-17,81.9519,0.853441389114373,0.783366,0.716024538968412,0.363777,0,2.37858,0,2.38201,0,102799
"(antennarius_striatus;polypterus_senegalus)","antennarius_striatus","polypterus_senegalus",1.10911850325519e-98,471.582,1.0539622841971e-101,470.724,0.835464739508498,0.858353,0.545945368359443,-0.603847,0,2.35145,0,2.36292,0,116073
"(antennarius_striatus;pundamilia_nyererei)","antennarius_striatus","pundamilia_nyererei",0.932179941789631,1.85922,0.817783748502857,0.931651,0.818770672605349,0.927567,0.34166681867144,0.950877,0,2.83941,0,2.84809,0,270489
"(antennarius_striatus;salvelinus_fontinalis)","antennarius_striatus","salvelinus_fontinalis",0.706659466877843,3.77822,0.95055148308957,0.349064,0.330066719191786,3.42916,0.0708839820947582,1.80622,0,2.60216,0,2.61004,0,64003.1
"(antennarius_striatus;taenianotus_triacanthus)","antennarius_striatus","taenianotus_triacanthus",6.13700492028688e-07,39.3407,1.72292779981705e-08,39.0151,0.95515140600562,0.325562,0.935786788225182,-0.0805664,0,2.85292,0,2.85801,0,254261
"(antennarius_striatus;takifugu_rupribes)","antennarius_striatus","takifugu_rupribes",4.98735485705128e-20,103.361,6.62643995299983e-20,92.4173,0.0120325749934004,10.944,0.424576912691875,0.798506,0,2.75904,0,2.76538,0,258185
"(antennarius_striatus;tetraodon_nigroviridis)","antennarius_striatus","tetraodon_nigroviridis",1.55034192488295e-11,62.2757,2.0618340038372e-13,62.1291,0.985712490936494,0.14659,0.738255807891032,-0.334164,0,2.74598,0,2.75225,0,257454
"(antennarius_striatus;umbra_limi)","antennarius_striatus","umbra_limi",0.0496936581963694,12.6084,0.00816508996298993,11.7829,0.843370782049038,0.825449,0.545751232411674,0.604139,0,2.5592,0,2.56768,0,177216
"(antennarius_striatus;acipenser_fulvescens)","antennarius_striatus","acipenser_fulvescens",6.82458296101782e-32,159.709,7.20520931011818e-34,157.245,0.481828581077671,2.46402,0.726055785099454,-0.350377,0,2.38689,0,2.39777,0,59590.2
"(antennarius_striatus;strophidon_sathete)","antennarius_striatus","strophidon_sathete",0.0179973478701192,15.3072,0.00299567881947062,13.9345,0.711943940005813,1.37271,0.699955898139135,0.38538,0,2.41692,0,2.42499,0,111402
"(astyanax_fasciatus;danio_rerio)","astyanax_fasciatus","danio_rerio",3.17095598344892e-19,99.5128,2.45611717569866e-20,94.4233,0.165356780211734,5.08954,0.114650636184795,-1.57763,0,2.59786,0,2.594,0,137556
"(astyanax_fasciatus;diaphus_theta)","astyanax_fasciatus","diaphus_theta",5.56575452810862e-05,29.2041,6.86990497873329e-06,26.6802,0.470990886900407,2.52388,0.699942564127129,-0.385398,0,2.45358,0,2.45362,0,131440
"(astyanax_fasciatus;gadus_morhua)","astyanax_fasciatus","gadus_morhua",5.96513811561783e-08,44.4695,4.21488544210224e-09,41.8991,0.462693609953244,2.57045,0.929543978530121,0.0884186,0,2.3527,0,2.34938,0,111895
"(astyanax_fasciatus;gasterosteus_aculeatus)","astyanax_fasciatus","gasterosteus_aculeatus",0.000426385624209695,24.4781,3.79583756432636e-05,23.129,0.717496311502806,1.34915,0.88824915155095,0.14052,0,2.44811,0,2.44505,0,153492
"(astyanax_fasciatus;haplochromis_burtoni)","astyanax_fasciatus","haplochromis_burtoni",8.13511532791961e-30,149.897,6.29996076058378e-32,148.245,0.64775400748318,1.65157,0.72405470476541,-0.353045,0,2.45426,0,2.4541,0,153009
"(astyanax_fasciatus;lampris_guttatus)","astyanax_fasciatus","lampris_guttatus",8.65131099802537e-05,28.1904,9.56964712584795e-06,25.993,0.532442932142449,2.19749,0.785913450666099,0.271621,0,2.45478,0,2.45442,0,140414
"(astyanax_fasciatus;lepisosteus_oculatus)","astyanax_fasciatus","lepisosteus_oculatus",4.03385495848212e-231,1084.81,1.99108878011116e-234,1082.77,0.562701001063357,2.04704,0.796975753097338,0.257263,0,2.40398,0,2.41242,0,133172
"(astyanax_fasciatus;megalops_sp)","astyanax_fasciatus","megalops_sp",2.2901352574493e-27,138.299,1.90117704561928e-29,136.746,0.670102215533044,1.55296,0.560904192009878,-0.581499,0,2.47609,0,2.47704,0,77939.4
"(astyanax_fasciatus;neolamprologus_brichardi)","astyanax_fasciatus","neolamprologus_brichardi",3.84341484846164e-30,151.437,2.37509539453876e-32,150.209,0.746327986881666,1.22787,0.738490487382448,-0.333853,0,2.45507,0,2.45412,0,151532
"(astyanax_fasciatus;oreochromis_niloticus)","astyanax_fasciatus","oreochromis_niloticus",7.96776342118541e-29,145.208,5.28040806341182e-31,143.964,0.742533886038028,1.24374,0.767854087749191,-0.295183,0,2.45406,0,2.45355,0,153269
"(astyanax_fasciatus;oryzias_latipes)","astyanax_fasciatus","oryzias_latipes",2.19588030990623e-31,157.312,2.39782458457172e-33,154.825,0.477637799347741,2.48704,0.48584847967774,-0.696927,0,2.42918,0,2.42847,0,149954
"(astyanax_fasciatus;osteoglossum_bicirrhosum)","astyanax_fasciatus","osteoglossum_bicirrhosum",8.12388266286444e-09,48.8138,2.5246127551918e-09,42.9478,0.118315794034218,5.86598,0.473803657443086,0.716304,0,2.41445,0,2.41042,0,83967.7
"(astyanax_fasciatus;pantodon_buchholzi)","astyanax_fasciatus","pantodon_buchholzi",0.040504289688343,13.164,0.0657668268177433,7.20076,0.113412934110596,5.96323,0.0222285304930379,2.28644,0,2.37584,0,2.37272,0,86018.1
"(astyanax_fasciatus;polypterus_senegalus)","astyanax_fasciatus","polypterus_senegalus",4.52240829133231e-178,839.484,9.03195149804453e-181,835.413,0.253950293370443,4.07051,0.555564138358307,-0.589443,0,2.34563,0,2.35139,0,98243.5
"(astyanax_fasciatus;pundamilia_nyererei)","astyanax_fasciatus","pundamilia_nyererei",1.22182162054605e-28,144.329,8.58604494190697e-31,142.985,0.718806773126482,1.3436,0.755850796443357,-0.310934,0,2.45485,0,2.45441,0,152571
"(astyanax_fasciatus;salvelinus_fontinalis)","astyanax_fasciatus","salvelinus_fontinalis",3.18904206665969e-13,70.5262,6.19734991042733e-14,64.5706,0.113789485602066,5.95562,0.248545269478395,1.15389,0,2.50154,0,2.49938,0,48754.6
"(astyanax_fasciatus;taenianotus_triacanthus)","astyanax_fasciatus","taenianotus_triacanthus",2.08121031418528e-13,71.4292,5.12252306542611e-15,69.63,0.615113393239184,1.79918,0.694541070661613,0.3927,0,2.47403,0,2.4718,0,147129
"(astyanax_fasciatus;takifugu_rupribes)","astyanax_fasciatus","takifugu_rupribes",3.28077085183551e-09,50.7788,9.09110209693222e-11,49.7365,0.791013252437666,1.04232,0.534148359102568,0.621686,0,2.42181,0,2.41986,0,150329
"(astyanax_fasciatus;tetraodon_nigroviridis)","astyanax_fasciatus","tetraodon_nigroviridis",2.97491194003226e-11,60.8848,5.39865436143885e-13,60.173,0.870425494477984,0.711798,0.804464029542257,-0.247574,0,2.40882,0,2.4069,0,149633
"(astyanax_fasciatus;umbra_limi)","astyanax_fasciatus","umbra_limi",1.30285220110936e-41,205.464,1.22763963834076e-43,202.481,0.394214913012373,2.98325,0.124894402492835,-1.53455,0,2.45392,0,2.4553,0,130589
"(astyanax_fasciatus;acipenser_fulvescens)","astyanax_fasciatus","acipenser_fulvescens",2.15992140876476e-61,298.032,1.79065467933648e-63,294.2,0.28023070506024,3.83161,0.347001141838528,-0.940422,0,2.3875,0,2.39267,0,47949.1
"(astyanax_fasciatus;strophidon_sathete)","astyanax_fasciatus","strophidon_sathete",1.23123973939276e-24,125.337,1.96127230254695e-26,122.762,0.46197757400385,2.5745,0.719348234168033,-0.35933,0,2.39915,0,2.40004,0,92671.2
"(danio_rerio;diaphus_theta)","danio_rerio","diaphus_theta",0.00708679895288259,17.6789,0.12720790991654,5.69902,0.00745233273231275,11.9799,0.338389112597992,0.957353,0,2.41195,0,2.41241,0,127015
"(danio_rerio;gadus_morhua)","danio_rerio","gadus_morhua",8.84550359651104e-28,140.257,1.95089012944855e-29,136.694,0.312578722636371,3.56382,0.175672579029314,1.3542,0,2.33333,0,2.33016,0,109578
"(danio_rerio;gasterosteus_aculeatus)","danio_rerio","gasterosteus_aculeatus",0.000184495943724656,26.4376,0.000334995760599218,18.573,0.0488942693528137,7.86461,0.0885905275530525,1.70288,0,2.41891,0,2.41578,0,155140
"(danio_rerio;haplochromis_burtoni)","danio_rerio","haplochromis_burtoni",0.0210610182825235,14.8985,0.00970609131232129,11.4094,0.322181172378247,3.48908,0.312610288505565,1.00976,0,2.42491,0,2.42481,0,154409
"(danio_rerio;lampris_guttatus)","danio_rerio","lampris_guttatus",0.00161183979247278,21.3125,0.0255469095835514,9.30087,0.00734352925587323,12.0116,0.139450609095543,1.47784,0,2.41575,0,2.41622,0,136828
"(danio_rerio;lepisosteus_oculatus)","danio_rerio","lepisosteus_oculatus",8.42886823018145e-109,518.561,2.94906111461404e-111,514.807,0.289311808525701,3.75375,0.496849611111844,0.679455,0,2.37004,0,2.37732,0,135958
"(danio_rerio;megalops_sp)","danio_rerio","megalops_sp",3.86853150769416e-10,55.3889,2.38262843564956e-09,43.0662,0.00635564902209105,12.3227,0.413646747984192,-0.817493,0,2.43468,0,2.43877,0,76680.1
"(danio_rerio;neolamprologus_brichardi)","danio_rerio","neolamprologus_brichardi",0.0317425725677873,13.8175,0.0156110305465306,10.3781,0.328699254075412,3.43946,0.441936647917904,0.768927,0,2.42498,0,2.4242,0,152642
"(danio_rerio;oreochromis_niloticus)","danio_rerio","oreochromis_niloticus",0.0476343306165308,12.724,0.028160865560515,9.08664,0.303382775347757,3.63733,0.455730845876685,0.745895,0,2.42571,0,2.42542,0,155444
"(danio_rerio;oryzias_latipes)","danio_rerio","oryzias_latipes",0.0779472458294038,11.3571,0.0703887924394948,7.04783,0.229943207867595,4.30931,0.890610300717429,0.137532,0,2.39984,0,2.39917,0,150903
"(danio_rerio;osteoglossum_bicirrhosum)","danio_rerio","osteoglossum_bicirrhosum",0.00178489146696705,21.0664,0.120962420087126,5.81507,0.00161401462485507,15.2513,0.280672436048894,-1.07881,0,2.4,0,2.39696,0,85234
"(danio_rerio;pantodon_buchholzi)","danio_rerio","pantodon_buchholzi",4.4125185144225e-07,40.0703,5.33118350662499e-05,22.421,0.000519515993072152,17.6493,0.154015608720248,1.42549,0,2.33619,0,2.33526,0,86683.4
"(danio_rerio;polypterus_senegalus)","danio_rerio","polypterus_senegalus",1.35128788805817e-96,461.894,9.49013214479009e-99,457.089,0.186652808183069,4.80491,0.0923421865911997,1.68317,0,2.31428,0,2.32048,0,96631.2
"(danio_rerio;pundamilia_nyererei)","danio_rerio","pundamilia_nyererei",0.0201419161787573,15.0148,0.0159529891714539,10.3309,0.196460111639153,4.68392,0.317362292368284,0.999893,0,2.42663,0,2.42626,0,155074
"(danio_rerio;salvelinus_fontinalis)","danio_rerio","salvelinus_fontinalis",0.196006950838057,8.62155,0.0850400085397882,6.62022,0.572130703882905,2.00133,0.245450816427465,1.16147,0,2.46177,0,2.45909,0,50727.7
"(danio_rerio;taenianotus_triacanthus)","danio_rerio","taenianotus_triacanthus",0.161333572196411,9.22463,0.921393076697815,0.48858,0.0330141012163202,8.73605,0.328804365243395,0.976525,0,2.44073,0,2.43928,0,145792
"(danio_rerio;takifugu_rupribes)","danio_rerio","takifugu_rupribes",0.0583009785653568,12.1691,0.161892437728854,5.13907,0.0709451754393086,7.03008,0.200337714285432,1.28059,0,2.39192,0,2.38981,0,152609
"(danio_rerio;tetraodon_nigroviridis)","danio_rerio","tetraodon_nigroviridis",0.039214390460512,13.2513,0.0473564778637507,7.93584,0.150103644659045,5.31544,0.136874885875128,1.48753,0,2.38192,0,2.37996,0,152004
"(danio_rerio;umbra_limi)","danio_rerio","umbra_limi",8.2394515429322e-07,38.688,5.77689240483366e-07,31.7964,0.0754359603130002,6.89155,0.595754218632999,0.530516,0,2.41162,0,2.41419,0,128311
"(danio_rerio;acipenser_fulvescens)","danio_rerio","acipenser_fulvescens",1.27738455050257e-34,172.577,1.66268873799485e-36,169.462,0.37423797963035,3.11496,0.582437351842522,0.549828,0,2.33981,0,2.34485,0,51320.2
"(danio_rerio;strophidon_sathete)","danio_rerio","strophidon_sathete",3.14758264459402e-06,35.7035,8.33600413070053e-07,31.0403,0.198190386534573,4.66316,0.617380703305217,0.499566,0,2.37651,0,2.38076,0,92643.3
"(diaphus_theta;gadus_morhua)","diaphus_theta","gadus_morhua",2.08103306663048e-50,246.699,1.91954661552169e-51,238.591,0.0438247160050797,8.10835,0.00705895744871454,2.69405,0,2.58663,0,2.58816,0,160848
"(diaphus_theta;gasterosteus_aculeatus)","diaphus_theta","gasterosteus_aculeatus",0.6631794851852,4.09975,0.351324135046836,3.27367,0.843218687024059,0.826083,0.508386600861738,0.661352,0,2.74028,0,2.74384,0,229363
"(diaphus_theta;haplochromis_burtoni)","diaphus_theta","haplochromis_burtoni",5.13477227048201e-23,117.626,3.17240102319077e-25,117.149,0.923938657186882,0.476889,0.971176787724049,-0.0361324,0,2.75534,0,2.7625,0,229773
"(diaphus_theta;lampris_guttatus)","diaphus_theta","lampris_guttatus",0.336638784564048,6.83226,0.362251924006265,3.1969,0.303626044227304,3.63536,0.257596598629577,1.13209,0,2.74988,0,2.7543,0,206832
"(diaphus_theta;lepisosteus_oculatus)","diaphus_theta","lepisosteus_oculatus",8.12159629464907e-171,805.914,3.575737896651e-174,804.993,0.820443535805001,0.920643,0.874062032737759,-0.158501,0,2.40373,0,2.41709,0,156075
"(diaphus_theta;megalops_sp)","diaphus_theta","megalops_sp",3.16625056611635e-18,94.7171,2.31109807700691e-19,89.8917,0.185040207593421,4.82537,0.792399513689142,-0.263196,0,2.47269,0,2.48103,0,87383.5
"(diaphus_theta;neolamprologus_brichardi)","diaphus_theta","neolamprologus_brichardi",1.09481614903225e-22,116.059,1.01005220480275e-24,114.813,0.742022712586033,1.24588,0.923393896023562,-0.0961595,0,2.75694,0,2.76305,0,227535
"(diaphus_theta;oreochromis_niloticus)","diaphus_theta","oreochromis_niloticus",6.87620883006799e-22,112.253,3.96713713479842e-24,112.053,0.977732523895849,0.199112,0.927858506370233,-0.0905395,0,2.75528,0,2.76251,0,230578
"(diaphus_theta;oryzias_latipes)","diaphus_theta","oryzias_latipes",1.20286589982174e-20,106.316,2.36979305412172e-22,103.798,0.471937226071117,2.51861,0.400164208727883,-0.841328,0,2.70276,0,2.70951,0,219194
"(diaphus_theta;osteoglossum_bicirrhosum)","diaphus_theta","osteoglossum_bicirrhosum",0.893332407516395,2.26938,0.83646150709039,0.85421,0.701982683425192,1.41517,0.685473100593803,-0.405006,0,2.43048,0,2.4318,0,92897.9
"(diaphus_theta;pantodon_buchholzi)","diaphus_theta","pantodon_buchholzi",0.00026444214166406,25.5984,1.3011067858018e-05,25.3555,0.970386305878139,0.242884,0.624380880981982,0.489651,0,2.38619,0,2.38811,0,96316.4
"(diaphus_theta;polypterus_senegalus)","diaphus_theta","polypterus_senegalus",8.41480657486597e-123,583.507,1.00643032036161e-125,581.551,0.58142965539599,1.95676,0.782759292451195,0.275725,0,2.35743,0,2.36774,0,105742
"(diaphus_theta;pundamilia_nyererei)","diaphus_theta","pundamilia_nyererei",1.96495887662414e-22,114.848,1.15699677031667e-24,114.539,0.958422013028134,0.3085,0.96097532002504,-0.0489297,0,2.75658,0,2.76351,0,231369
"(diaphus_theta;salvelinus_fontinalis)","diaphus_theta","salvelinus_fontinalis",0.0156197734203282,15.6732,0.0224357920741047,9.58581,0.107433653698837,6.08742,0.507490040624916,0.662751,0,2.6264,0,2.63354,0,58725.9
"(diaphus_theta;taenianotus_triacanthus)","diaphus_theta","taenianotus_triacanthus",1.42404519866823e-06,37.4727,5.58086845491579e-08,36.6038,0.832912471210549,0.868955,0.384802281299899,-0.869082,0,2.7745,0,2.77851,0,221848
"(diaphus_theta;takifugu_rupribes)","diaphus_theta","takifugu_rupribes",0.326068366896624,6.94388,0.124843623411639,5.7423,0.752625387377204,1.20158,0.651245209291638,0.452033,0,2.68326,0,2.68755,0,220049
"(diaphus_theta;tetraodon_nigroviridis)","diaphus_theta","tetraodon_nigroviridis",0.035691112468117,13.5043,0.0104157802089601,11.2567,0.522637496419963,2.24758,0.74011655585469,0.331699,0,2.67301,0,2.67747,0,218217
"(diaphus_theta;umbra_limi)","diaphus_theta","umbra_limi",5.81661572140884e-23,117.368,4.52421849529938e-23,107.141,0.016725771783838,10.2278,0.724611038521726,0.352303,0,2.5678,0,2.57462,0,167418
"(diaphus_theta;acipenser_fulvescens)","diaphus_theta","acipenser_fulvescens",1.70703982521501e-47,233.054,1.8644066501628e-49,229.4,0.301422004408311,3.65326,0.630699165942744,-0.480743,0,2.36088,0,2.36942,0,55223.3
"(diaphus_theta;strophidon_sathete)","diaphus_theta","strophidon_sathete",1.94088508579464e-08,46.9203,2.10509225577782e-09,43.3195,0.307929594167077,3.60074,0.22770954655671,1.20628,0,2.4331,0,2.43997,0,102598
"(gadus_morhua;gasterosteus_aculeatus)","gadus_morhua","gasterosteus_aculeatus",5.23929510969304e-48,235.457,1.32099747626827e-50,234.717,0.863715416325786,0.740178,0.806954341475171,-0.244357,0,2.56665,0,2.55998,0,203766
"(gadus_morhua;haplochromis_burtoni)","gadus_morhua","haplochromis_burtoni",4.53077660389662e-132,626.475,3.10187326959355e-135,625.424,0.788960003709992,1.05081,0.88365377968715,-0.146339,0,2.57083,0,2.56757,0,203076
"(gadus_morhua;lampris_guttatus)","gadus_morhua","lampris_guttatus",3.48904646268793e-43,212.844,1.6114211306391e-45,211.189,0.647073962852194,1.6546,0.222684822755101,-1.21942,0,2.60377,0,2.60362,0,171492
"(gadus_morhua;lepisosteus_oculatus)","gadus_morhua","lepisosteus_oculatus",4.14006527149824e-254,1191.05,8.82887997001426e-258,1190.41,0.886790977428857,0.641839,0.756153387584936,-0.310536,0,2.28953,0,2.29393,0,137031
"(gadus_morhua;megalops_sp)","gadus_morhua","megalops_sp",4.62888113288468e-72,347.778,9.14957664188809e-75,346.362,0.701786226822674,1.41601,0.765507783709938,-0.298256,0,2.35334,0,2.35363,0,72319.2
"(gadus_morhua;neolamprologus_brichardi)","gadus_morhua","neolamprologus_brichardi",1.82704903148746e-132,628.303,2.36538014359941e-135,625.967,0.505634715026954,2.33613,0.824976418153172,-0.221149,0,2.5707,0,2.56642,0,200977
"(gadus_morhua;oreochromis_niloticus)","gadus_morhua","oreochromis_niloticus",4.89082815569901e-134,635.59,4.03320411652184e-137,634.123,0.689840093756108,1.46729,0.921170426525347,0.0989595,0,2.57258,0,2.56928,0,204375
"(gadus_morhua;oryzias_latipes)","gadus_morhua","oryzias_latipes",9.53577649648287e-110,522.953,2.36538259910246e-112,519.863,0.377972481931598,3.08989,0.473708592489426,-0.716458,0,2.53404,0,2.53022,0,195433
"(gadus_morhua;osteoglossum_bicirrhosum)","gadus_morhua","osteoglossum_bicirrhosum",5.45150722882297e-20,103.176,4.733809794163e-21,97.7501,0.143115599286155,5.42627,0.0232628533682833,2.26909,0,2.35809,0,2.35369,0,81775.8
"(gadus_morhua;pantodon_buchholzi)","gadus_morhua","pantodon_buchholzi",0.00630962854024682,17.9692,0.00106934562194152,16.1243,0.605211117903244,1.84491,0.45463389144421,-0.747712,0,2.30666,0,2.30478,0,81100.1
"(gadus_morhua;polypterus_senegalus)","gadus_morhua","polypterus_senegalus",1.05759124900524e-217,1022.78,7.88779111908932e-221,1020.09,0.44174869225369,2.69106,0.760961050520814,-0.304219,0,2.26367,0,2.26751,0,91213.8
"(gadus_morhua;pundamilia_nyererei)","gadus_morhua","pundamilia_nyererei",3.8073825540276e-134,636.094,3.25567039551834e-137,634.552,0.67260893033622,1.54201,0.989230880132431,0.0134975,0,2.5713,0,2.56783,0,203866
"(gadus_morhua;salvelinus_fontinalis)","gadus_morhua","salvelinus_fontinalis",1.59691394215467e-34,172.12,1.36303989135943e-34,160.596,0.00920544510234802,11.5239,0.02841924422855,-2.19145,0,2.49056,0,2.48741,0,52049.9
"(gadus_morhua;taenianotus_triacanthus)","gadus_morhua","taenianotus_triacanthus",1.05987182660033e-92,443.8,2.06853964127082e-95,441.681,0.547937611952145,2.1197,0.274196270674628,-1.09345,0,2.60076,0,2.59747,0,185161
"(gadus_morhua;takifugu_rupribes)","gadus_morhua","takifugu_rupribes",2.89821535423063e-61,297.436,1.09280894714376e-63,295.191,0.523143136919663,2.24498,0.427950299273918,-0.792704,0,2.52093,0,2.51542,0,196412
"(gadus_morhua;tetraodon_nigroviridis)","gadus_morhua","tetraodon_nigroviridis",2.25011486194754e-62,302.616,9.07255532631363e-65,300.185,0.487814444553416,2.43141,0.153770223762303,-1.42634,0,2.51159,0,2.50663,0,194326
"(gadus_morhua;umbra_limi)","gadus_morhua","umbra_limi",1.72784266723914e-100,479.976,1.21676737138605e-102,475.051,0.177418145160715,4.92439,0.854768202567657,-0.183038,0,2.45684,0,2.45904,0,138078
"(gadus_morhua;acipenser_fulvescens)","gadus_morhua","acipenser_fulvescens",3.96294887803853e-70,338.774,4.37880098387604e-73,338.603,0.982041497302081,0.171579,0.792132085340245,0.263543,0,2.30372,0,2.30757,0,48277.4
"(gadus_morhua;strophidon_sathete)","gadus_morhua","strophidon_sathete",3.48855982878539e-65,315.723,8.46257705218856e-68,314.185,0.673690942755074,1.53729,0.812164201909021,0.237635,0,2.3201,0,2.32144,0,86622
"(gasterosteus_aculeatus;haplochromis_burtoni)","gasterosteus_aculeatus","haplochromis_burtoni",6.38474224001527e-87,416.934,3.63664885617807e-88,408.238,0.0336272027466173,8.6954,0.794438780988083,-0.260551,0,2.83752,0,2.83201,0,326836
"(gasterosteus_aculeatus;lampris_guttatus)","gasterosteus_aculeatus","lampris_guttatus",0.747098911720423,3.47646,0.599410755829433,1.87192,0.658360843819161,1.60454,0.689820995887186,0.399098,0,2.76682,0,2.7678,0,248180
"(gasterosteus_aculeatus;lepisosteus_oculatus)","gasterosteus_aculeatus","lepisosteus_oculatus",1.18632352311351e-228,1073.4,4.32115370022393e-232,1072,0.707129460465302,1.3932,0.303728795635757,-1.02847,0,2.38867,0,2.39483,0,195787
"(gasterosteus_aculeatus;megalops_sp)","gasterosteus_aculeatus","megalops_sp",7.83918177713733e-21,107.205,4.66533988682382e-23,107.079,0.988555842183665,0.125914,0.765646685085027,0.298074,0,2.46703,0,2.47033,0,106364
"(gasterosteus_aculeatus;neolamprologus_brichardi)","gasterosteus_aculeatus","neolamprologus_brichardi",4.21618435323097e-85,408.472,1.83714837625068e-86,400.374,0.0440307542616261,8.09792,0.596529385294004,-0.529398,0,2.83897,0,2.83242,0,324991
"(gasterosteus_aculeatus;oreochromis_niloticus)","gasterosteus_aculeatus","oreochromis_niloticus",7.82299936197682e-89,425.822,3.46072940846533e-90,417.57,0.0410758489205612,8.25227,0.847884770819201,0.191818,0,2.83931,0,2.83369,0,329919
"(gasterosteus_aculeatus;oryzias_latipes)","gasterosteus_aculeatus","oryzias_latipes",1.32903343876114e-52,256.968,7.00318489334603e-52,240.616,0.000960055925558866,16.3525,0.197826038212267,-1.28777,0,2.77103,0,2.76503,0,311038
"(gasterosteus_aculeatus;osteoglossum_bicirrhosum)","gasterosteus_aculeatus","osteoglossum_bicirrhosum",0.633040851661571,4.3231,0.321098190511285,3.49741,0.843312008363908,0.825694,0.763483124633291,0.30091,0,2.43756,0,2.43198,0,113852
"(gasterosteus_aculeatus;pantodon_buchholzi)","gasterosteus_aculeatus","pantodon_buchholzi",0.0187511393622851,15.2008,0.00270386684565007,14.1532,0.78974111121243,1.04758,0.626756605951684,-0.486297,0,2.38513,0,2.38437,0,113034
"(gasterosteus_aculeatus;polypterus_senegalus)","gasterosteus_aculeatus","polypterus_senegalus",6.75996021743691e-182,857.184,3.39785121704613e-185,855.813,0.712325165553311,1.37109,0.763086620778039,-0.30143,0,2.34535,0,2.35098,0,130153
"(gasterosteus_aculeatus;pundamilia_nyererei)","gasterosteus_aculeatus","pundamilia_nyererei",1.36681834010462e-90,433.992,6.57011611990578e-92,425.517,0.0371421297141883,8.47548,0.961750591875452,0.0479569,0,2.83999,0,2.83428,0,328708
"(gasterosteus_aculeatus;salvelinus_fontinalis)","gasterosteus_aculeatus","salvelinus_fontinalis",4.88330595428031e-05,29.5038,1.03658742689232e-05,25.8272,0.298569572684743,3.6766,0.89853675893184,-0.12751,0,2.62225,0,2.62089,0,72119.8
"(gasterosteus_aculeatus;taenianotus_triacanthus)","gasterosteus_aculeatus","taenianotus_triacanthus",3.48596334417549e-27,137.434,1.11110117034752e-27,128.549,0.0308576420668244,8.88514,0.839265563754741,-0.202833,0,2.88286,0,2.8792,0,295842
"(gasterosteus_aculeatus;takifugu_rupribes)","gasterosteus_aculeatus","takifugu_rupribes",2.46590568481408e-09,51.3963,2.53209155610659e-08,38.2256,0.00428162901812536,13.1707,0.0937832525099942,-1.67577,0,2.75466,0,2.74673,0,310915
"(gasterosteus_aculeatus;tetraodon_nigroviridis)","gasterosteus_aculeatus","tetraodon_nigroviridis",1.12677621022961e-10,58.0361,5.90842233812649e-10,45.9164,0.00698416717351103,12.1197,0.348056866235371,-0.938365,0,2.73975,0,2.73224,0,306639
"(gasterosteus_aculeatus;umbra_limi)","gasterosteus_aculeatus","umbra_limi",1.22295280332232e-30,153.788,9.03513877299474e-32,147.519,0.0991963461010552,6.26981,0.846366940950918,-0.193756,0,2.57108,0,2.57496,0,198070
"(gasterosteus_aculeatus;acipenser_fulvescens)","gasterosteus_aculeatus","acipenser_fulvescens",3.95822131684709e-60,292.136,4.25098161778665e-62,287.844,0.231556714512859,4.29256,0.655341555203789,-0.446354,0,2.38342,0,2.38952,0,66614.2
"(gasterosteus_aculeatus;strophidon_sathete)","gasterosteus_aculeatus","strophidon_sathete",9.24691262276221e-19,97.2835,1.22146378204691e-20,95.8349,0.694176212748115,1.44863,0.70529465335088,-0.378183,0,2.42221,0,2.42473,0,121673
"(haplochromis_burtoni;lampris_guttatus)","haplochromis_burtoni","lampris_guttatus",1.24473378248714e-34,172.63,3.33952179187438e-36,168.059,0.20611343049846,4.5702,0.420564663325838,0.805442,0,2.78669,0,2.79146,0,248851
"(haplochromis_burtoni;lepisosteus_oculatus)","haplochromis_burtoni","lepisosteus_oculatus",7.79655540626976e-120,569.749,4.73065784475388e-123,569.224,0.913494829957194,0.524419,0.926998530404658,0.0916218,0,2.39628,0,2.40461,0,195843
"(haplochromis_burtoni;megalops_sp)","haplochromis_burtoni","megalops_sp",0.00386972620524634,19.1803,0.000481942787180266,17.8075,0.711913351462528,1.37284,0.37608166731844,0.885139,0,2.47375,0,2.47981,0,104997
"(haplochromis_burtoni;neolamprologus_brichardi)","haplochromis_burtoni","neolamprologus_brichardi",0.549020551149981,4.95948,0.477191657501277,2.4895,0.480740807110713,2.46998,0.829231735218914,0.215687,0,2.99384,0,2.99046,0,363480
"(haplochromis_burtoni;oreochromis_niloticus)","haplochromis_burtoni","oreochromis_niloticus",0.490955723423097,5.42182,0.176102782567664,4.94188,0.923275444894949,0.479942,0.607238706873491,-0.514019,0,2.98594,0,2.98355,0,366725
"(haplochromis_burtoni;oryzias_latipes)","haplochromis_burtoni","oryzias_latipes",0.108336256622887,10.4121,0.45855293376273,2.59394,0.0499235955408753,7.81814,0.0178237187451298,-2.36926,0,2.8028,0,2.80118,0,314410
"(haplochromis_burtoni;osteoglossum_bicirrhosum)","haplochromis_burtoni","osteoglossum_bicirrhosum",3.93874123491124e-07,40.3212,2.76959721070858e-08,38.0417,0.516463388457901,2.27948,0.24164701529907,1.17088,0,2.44192,0,2.43942,0,112297
"(haplochromis_burtoni;pantodon_buchholzi)","haplochromis_burtoni","pantodon_buchholzi",6.26988225000468e-18,93.2913,1.39859650342217e-19,90.9072,0.496588174663881,2.38417,0.854880406148425,0.182895,0,2.38849,0,2.3906,0,112308
"(haplochromis_burtoni;polypterus_senegalus)","haplochromis_burtoni","polypterus_senegalus",9.02293776210138e-119,564.817,5.04204611838373e-122,564.483,0.953568720701078,0.33371,0.919047984851152,-0.101633,0,2.35558,0,2.36351,0,129480
"(haplochromis_burtoni;pundamilia_nyererei)","haplochromis_burtoni","pundamilia_nyererei",0.116078551825187,10.2101,0.814347270726494,0.945867,0.025976114909149,9.26426,0.0554886778212964,1.91503,0,2.99717,0,2.99476,0,368958
"(haplochromis_burtoni;salvelinus_fontinalis)","haplochromis_burtoni","salvelinus_fontinalis",0.822787994452705,2.88783,0.717328734517291,1.34986,0.67353500445815,1.53797,0.4035381224089,0.835319,0,2.63161,0,2.63278,0,71905.3
"(haplochromis_burtoni;taenianotus_triacanthus)","haplochromis_burtoni","taenianotus_triacanthus",1.09940361972744e-17,92.1186,8.09077691244474e-17,78.0372,0.00279642133474864,14.0814,0.0312119509010298,-2.15436,0,2.8911,0,2.8914,0,294314
"(haplochromis_burtoni;takifugu_rupribes)","haplochromis_burtoni","takifugu_rupribes",8.993057516906e-24,121.229,9.69817793181182e-25,114.895,0.0964445415434988,6.33399,0.415495446715157,0.814261,0,2.76614,0,2.76163,0,311345
"(haplochromis_burtoni;tetraodon_nigroviridis)","haplochromis_burtoni","tetraodon_nigroviridis",1.35198399995484e-19,101.287,5.5586251138856e-21,97.4256,0.276798453129112,3.86163,0.959117225981466,0.0512614,0,2.75378,0,2.75057,0,305697
"(haplochromis_burtoni;umbra_limi)","haplochromis_burtoni","umbra_limi",0.0546287739486388,12.3486,0.0193545686300008,9.90913,0.486329587140516,2.43947,0.828969039926964,-0.216024,0,2.58621,0,2.5935,0,198680
"(haplochromis_burtoni;acipenser_fulvescens)","haplochromis_burtoni","acipenser_fulvescens",5.73690697582069e-36,178.926,1.12812852606305e-37,174.874,0.255907775295247,4.05196,0.470384245290169,-0.721854,0,2.38906,0,2.39712,0,65429.3
"(haplochromis_burtoni;strophidon_sathete)","haplochromis_burtoni","strophidon_sathete",0.144463711503105,9.55964,0.0388229517102846,8.37741,0.757269370502559,1.18223,0.976938603253281,0.0289072,0,2.43016,0,2.43543,0,120218
"(lampris_guttatus;lepisosteus_oculatus)","lampris_guttatus","lepisosteus_oculatus",2.71227041760462e-201,946.906,8.60129919457046e-205,946.159,0.86206807218515,0.747123,0.593668825922673,0.533527,0,2.41109,0,2.42351,0,165165
"(lampris_guttatus;megalops_sp)","lampris_guttatus","megalops_sp",3.12001161593716e-21,109.117,3.58618583694778e-23,107.61,0.680517368441562,1.5076,0.503152348882591,-0.669538,0,2.47312,0,2.47981,0,94436.7
"(lampris_guttatus;neolamprologus_brichardi)","lampris_guttatus","neolamprologus_brichardi",2.06810188693645e-35,176.303,4.13965377267284e-37,172.259,0.256753016816932,4.04399,0.418622717413516,-0.808813,0,2.78944,0,2.79321,0,246644
"(lampris_guttatus;oreochromis_niloticus)","lampris_guttatus","oreochromis_niloticus",5.6010928424393e-36,178.975,1.57955395997493e-37,174.197,0.188837761503463,4.77745,0.412283949134742,-0.819881,0,2.78849,0,2.79298,0,250842
"(lampris_guttatus;oryzias_latipes)","lampris_guttatus","oryzias_latipes",5.47189616862436e-32,160.162,4.21094552493506e-34,158.326,0.607026677939785,1.83649,0.451279872187352,-0.753283,0,2.73349,0,2.73764,0,238155
"(lampris_guttatus;osteoglossum_bicirrhosum)","lampris_guttatus","osteoglossum_bicirrhosum",0.67705400156204,3.99721,0.499842831950797,2.36681,0.652518889905088,1.63039,0.650910261724178,0.452498,0,2.44003,0,2.44072,0,99436.3
"(lampris_guttatus;pantodon_buchholzi)","lampris_guttatus","pantodon_buchholzi",0.00826202291769676,17.2938,0.000935950696431839,16.4063,0.828440839743659,0.88751,0.518729553149855,0.645305,0,2.39701,0,2.3988,0,103865
"(lampris_guttatus;polypterus_senegalus)","lampris_guttatus","polypterus_senegalus",4.01444625267383e-158,747.154,1.51051805437035e-160,742.163,0.172420615205397,4.9915,0.991157625361343,0.0110825,0,2.35545,0,2.36537,0,116193
"(lampris_guttatus;pundamilia_nyererei)","lampris_guttatus","pundamilia_nyererei",1.44744769071746e-35,177.033,3.06437974471081e-37,172.864,0.243716090370915,4.16967,0.426266310859107,-0.795597,0,2.79074,0,2.7955,0,249627
"(lampris_guttatus;salvelinus_fontinalis)","lampris_guttatus","salvelinus_fontinalis",0.00736187276830097,17.5835,0.000654291514413636,17.1628,0.935926385614565,0.420736,0.540279756417787,0.61239,0,2.61478,0,2.61958,0,62914.6
"(lampris_guttatus;taenianotus_triacanthus)","lampris_guttatus","taenianotus_triacanthus",1.37783519438808e-10,57.605,4.4525857330922e-12,55.8816,0.631739607446011,1.72342,0.326625289529254,-0.980934,0,2.80138,0,2.80302,0,236827
"(lampris_guttatus;takifugu_rupribes)","lampris_guttatus","takifugu_rupribes",0.00124706225681182,21.9294,0.00124687304625704,15.7989,0.105433648343252,6.13044,0.635101335452778,0.474559,0,2.71617,0,2.71842,0,239964
"(lampris_guttatus;tetraodon_nigroviridis)","lampris_guttatus","tetraodon_nigroviridis",1.2209955551453e-06,37.8148,1.98369314279636e-07,33.9974,0.281862917142742,3.81745,0.57788891394295,-0.556471,0,2.70388,0,2.70637,0,237438
"(lampris_guttatus;umbra_limi)","lampris_guttatus","umbra_limi",2.51150209548334e-29,147.581,4.38105617124707e-31,144.34,0.355988846800951,3.24065,0.774850548901536,-0.286036,0,2.57671,0,2.58264,0,176530
"(lampris_guttatus;acipenser_fulvescens)","lampris_guttatus","acipenser_fulvescens",1.2540754253394e-58,285.128,1.28663653483185e-60,281,0.248011199758829,4.1276,0.352721201007129,-0.929324,0,2.37068,0,2.3781,0,58151.7
"(lampris_guttatus;strophidon_sathete)","lampris_guttatus","strophidon_sathete",2.41313144386328e-15,80.8249,9.06108785285688e-17,77.8078,0.388996199441212,3.0171,0.993325358599712,0.00836552,0,2.42401,0,2.43086,0,106444
"(lepisosteus_oculatus;megalops_sp)","lepisosteus_oculatus","megalops_sp",1.59404602401176e-70,340.617,1.14436850194029e-72,336.676,0.267936858070191,3.94072,0.309010736612898,-1.0173,0,2.58563,0,2.60265,0,106573
"(lepisosteus_oculatus;neolamprologus_brichardi)","lepisosteus_oculatus","neolamprologus_brichardi",3.26069196411939e-117,557.591,2.59250655737524e-120,556.589,0.800714782113142,1.00222,0.719152267017989,-0.359592,0,2.39678,0,2.40508,0,195162
"(lepisosteus_oculatus;oreochromis_niloticus)","lepisosteus_oculatus","oreochromis_niloticus",5.69266938139074e-123,584.294,3.43952876784568e-126,583.702,0.898326844697668,0.591713,0.8527215935192,-0.185647,0,2.39501,0,2.40358,0,196200
"(lepisosteus_oculatus;oryzias_latipes)","lepisosteus_oculatus","oryzias_latipes",4.1626464230172e-124,589.561,3.68483324728806e-127,588.177,0.709125022918586,1.3847,0.354982553061991,-0.924968,0,2.37279,0,2.38119,0,189765
"(lepisosteus_oculatus;osteoglossum_bicirrhosum)","lepisosteus_oculatus","osteoglossum_bicirrhosum",1.4415007376095e-121,577.786,2.68627287476426e-124,574.971,0.421030046037579,2.81504,0.575038886261536,0.560646,0,2.50493,0,2.51115,0,113788
"(lepisosteus_oculatus;pantodon_buchholzi)","lepisosteus_oculatus","pantodon_buchholzi",9.18070812953207e-153,722.339,3.3701385649826e-156,722.11,0.972741839083464,0.229208,0.795723200421478,-0.258886,0,2.4254,0,2.43466,0,112949
"(lepisosteus_oculatus;polypterus_senegalus)","lepisosteus_oculatus","polypterus_senegalus",0.00192778049073812,20.8802,0.00307802506536793,13.8766,0.0717837532167775,7.00358,0.23488069027814,1.18788,0,2.62978,0,2.64979,0,164634
"(lepisosteus_oculatus;pundamilia_nyererei)","lepisosteus_oculatus","pundamilia_nyererei",6.16361378373221e-122,579.497,4.96375704749784e-125,578.354,0.766676243431009,1.14312,0.75239267912456,-0.315486,0,2.39489,0,2.40335,0,195993
"(lepisosteus_oculatus;salvelinus_fontinalis)","lepisosteus_oculatus","salvelinus_fontinalis",4.51319904918076e-21,108.351,1.3347596048323e-22,104.957,0.334839750241973,3.3935,0.204662280360711,1.26838,0,2.45553,0,2.4637,0,56634.9
"(lepisosteus_oculatus;taenianotus_triacanthus)","lepisosteus_oculatus","taenianotus_triacanthus",1.1826537600765e-174,823.67,5.06264239557418e-178,822.74,0.818214881989204,0.929867,0.595613517620604,0.530719,0,2.41943,0,2.4295,0,180663
"(lepisosteus_oculatus;takifugu_rupribes)","lepisosteus_oculatus","takifugu_rupribes",1.7487899455919e-162,767.343,9.84809053726521e-166,766.076,0.736995680628556,1.26695,0.947783071913132,0.065491,0,2.35974,0,2.36653,0,191920
"(lepisosteus_oculatus;tetraodon_nigroviridis)","lepisosteus_oculatus","tetraodon_nigroviridis",4.10607583209407e-166,784.143,1.76677048255559e-169,783.35,0.851295446166166,0.792352,0.5859392286057,0.54473,0,2.35324,0,2.36069,0,189252
"(lepisosteus_oculatus;umbra_limi)","lepisosteus_oculatus","umbra_limi",6.96607194516051e-84,402.807,1.40268238222717e-86,400.915,0.595049710258518,1.89234,0.510916037724594,-0.657412,0,2.41071,0,2.42516,0,153699
"(lepisosteus_oculatus;acipenser_fulvescens)","lepisosteus_oculatus","acipenser_fulvescens",0.7957450872149,3.10353,0.448361590271328,2.65249,0.929506540338033,0.451048,0.654873615845198,-0.447002,0,2.64082,0,2.65745,0,82028.6
"(lepisosteus_oculatus;strophidon_sathete)","lepisosteus_oculatus","strophidon_sathete",7.17067267898666e-62,300.267,1.18033045418888e-64,299.657,0.894014380124402,0.610544,0.583660317736305,-0.548046,0,2.50391,0,2.51859,0,124542
"(megalops_sp;neolamprologus_brichardi)","megalops_sp","neolamprologus_brichardi",0.00692252045555565,17.7376,0.00103022831165392,16.2032,0.674344709120838,1.53444,0.280204527870352,-1.07986,0,2.4746,0,2.48006,0,104175
"(megalops_sp;oreochromis_niloticus)","megalops_sp","oreochromis_niloticus",0.000222079705620581,26.0059,1.85026874866119e-05,24.6241,0.709794652767975,1.38185,0.353003111348835,-0.92878,0,2.47712,0,2.48333,0,106738
"(megalops_sp;oryzias_latipes)","megalops_sp","oryzias_latipes",0.00939004498056819,16.9711,0.00111172070099402,16.042,0.818388148924072,0.92915,0.367088210100037,-0.901941,0,2.44424,0,2.45033,0,102640
"(megalops_sp;osteoglossum_bicirrhosum)","megalops_sp","osteoglossum_bicirrhosum",1.97858307790545e-10,56.8289,7.89170951080948e-12,54.7166,0.549428400382467,2.1123,0.774382623041362,0.286647,0,2.5931,0,2.59716,0,73533.3
"(megalops_sp;pantodon_buchholzi)","megalops_sp","pantodon_buchholzi",2.6371958098886e-18,95.0985,1.3484642310454e-19,90.981,0.249056724056289,4.11746,0.0414540198557771,2.03896,0,2.51299,0,2.51968,0,68755.4
"(megalops_sp;polypterus_senegalus)","megalops_sp","polypterus_senegalus",1.29943586327673e-48,238.293,1.34689875129895e-50,234.678,0.30607328148326,3.61562,0.0906802990307916,1.69182,0,2.50605,0,2.52003,0,71543.4
"(megalops_sp;pundamilia_nyererei)","megalops_sp","pundamilia_nyererei",0.000957985729205317,22.5602,9.23137935292507e-05,21.2747,0.732576712711987,1.28551,0.436441685903065,-0.778216,0,2.47301,0,2.47891,0,106232
"(megalops_sp;salvelinus_fontinalis)","megalops_sp","salvelinus_fontinalis",0.294720873438068,7.29159,0.105645788851725,6.12584,0.761230043856955,1.16575,0.433792142301981,0.782719,0,2.52605,0,2.53632,0,30639.5
"(megalops_sp;taenianotus_triacanthus)","megalops_sp","taenianotus_triacanthus",1.71736728183435e-12,66.9572,1.97801723615074e-14,66.8889,0.995346293291613,0.0683245,0.828127296761893,-0.217104,0,2.49455,0,2.49991,0,99325.8
"(megalops_sp;takifugu_rupribes)","megalops_sp","takifugu_rupribes",8.0975508727301e-14,73.4243,2.25040832627533e-15,71.2981,0.54663254601846,2.12619,0.944287659612588,-0.0698819,0,2.43691,0,2.4419,0,104509
"(megalops_sp;tetraodon_nigroviridis)","megalops_sp","tetraodon_nigroviridis",2.83218281599551e-11,60.9898,7.99278946551364e-13,59.3753,0.656111051897026,1.61448,0.822467856057692,-0.224372,0,2.42208,0,2.42695,0,102969
"(megalops_sp;umbra_limi)","megalops_sp","umbra_limi",0.234817756195368,8.0451,0.0625159921615275,7.31469,0.866028486301877,0.730412,0.690593329700325,0.39805,0,2.47903,0,2.48597,0,94297.5
"(megalops_sp;acipenser_fulvescens)","megalops_sp","acipenser_fulvescens",1.06276694932837e-10,58.1614,1.19344355966386e-11,53.8744,0.232098472234681,4.28696,0.671535912525445,-0.424041,0,2.54929,0,2.56296,0,33309.7
"(megalops_sp;strophidon_sathete)","megalops_sp","strophidon_sathete",0.716566991120327,3.70469,0.501086376056409,2.3602,0.718596564124616,1.34449,0.864630302690856,0.170483,0,2.6987,0,2.712,0,91382
"(neolamprologus_brichardi;oreochromis_niloticus)","neolamprologus_brichardi","oreochromis_niloticus",0.878923861334825,2.40519,0.887149606860759,0.640292,0.622602710172521,1.7649,0.293051962013255,-1.05145,0,2.98743,0,2.98379,0,363711
"(neolamprologus_brichardi;oryzias_latipes)","neolamprologus_brichardi","oryzias_latipes",0.0812304575409798,11.2402,0.606062400770866,1.84096,0.0244281274927521,9.39921,0.00972124897589577,-2.58559,0,2.80382,0,2.80137,0,313449
"(neolamprologus_brichardi;osteoglossum_bicirrhosum)","neolamprologus_brichardi","osteoglossum_bicirrhosum",9.19419770776114e-07,38.4448,5.13388274878865e-08,36.7752,0.643729083354612,1.66953,0.303855758440867,1.0282,0,2.44391,0,2.44111,0,111151
"(neolamprologus_brichardi;pantodon_buchholzi)","neolamprologus_brichardi","pantodon_buchholzi",1.75849293024693e-19,100.74,2.83599420227614e-21,98.7851,0.581918592932816,1.95443,0.973999471041528,0.0325926,0,2.39408,0,2.39564,0,109779
"(neolamprologus_brichardi;polypterus_senegalus)","neolamprologus_brichardi","polypterus_senegalus",6.58714064570086e-114,542.258,3.94540646465395e-117,541.907,0.950119704215895,0.351243,0.990443965082336,0.011977,0,2.36077,0,2.36854,0,129113
"(neolamprologus_brichardi;pundamilia_nyererei)","neolamprologus_brichardi","pundamilia_nyererei",0.381747539820178,6.38236,0.185297849064842,4.82209,0.668429213215232,1.56028,0.24897606290822,1.15284,0,2.99401,0,2.99041,0,364580
"(neolamprologus_brichardi;salvelinus_fontinalis)","neolamprologus_brichardi","salvelinus_fontinalis",0.75383260058535,3.42566,0.588420565164025,1.92357,0.681785736307379,1.5021,0.325339771037958,0.983544,0,2.63169,0,2.63244,0,70781.1
"(neolamprologus_brichardi;taenianotus_triacanthus)","neolamprologus_brichardi","taenianotus_triacanthus",1.87274705584468e-19,100.609,1.66387012084064e-17,81.2396,0.000229333217909773,19.369,0.0105639935651289,-2.5568,0,2.89284,0,2.89218,0,292375
"(neolamprologus_brichardi;takifugu_rupribes)","neolamprologus_brichardi","takifugu_rupribes",2.73127158205378e-22,114.166,3.61472649195333e-23,107.594,0.0868562794512849,6.57225,0.651801449745262,0.451261,0,2.76819,0,2.76265,0,309709
"(neolamprologus_brichardi;tetraodon_nigroviridis)","neolamprologus_brichardi","tetraodon_nigroviridis",2.72099575983752e-19,99.8314,4.80510503068543e-21,97.7199,0.549593774857237,2.11148,0.818627204488245,-0.229311,0,2.75482,0,2.75054,0,303990
"(neolamprologus_brichardi;umbra_limi)","neolamprologus_brichardi","umbra_limi",0.0975064024741139,10.7176,0.0560173990932275,7.56077,0.368068467470938,3.15685,0.851527345680486,0.18717,0,2.58717,0,2.59376,0,195797
"(neolamprologus_brichardi;acipenser_fulvescens)","neolamprologus_brichardi","acipenser_fulvescens",2.9836387325717e-36,180.263,5.94928127454369e-38,176.161,0.250715689057071,4.10145,0.439585115935031,-0.772894,0,2.39094,0,2.39834,0,65749.2
"(neolamprologus_brichardi;strophidon_sathete)","neolamprologus_brichardi","strophidon_sathete",0.20243586919908,8.51985,0.0848139275374626,6.62626,0.594783429833445,1.89359,0.902697069384784,-0.122255,0,2.43126,0,2.43593,0,119362
"(oreochromis_niloticus;oryzias_latipes)","oreochromis_niloticus","oryzias_latipes",0.0773130262084445,11.3802,0.397294864700101,2.96345,0.0381406553459587,8.41671,0.00871030078117929,-2.62322,0,2.80411,0,2.80237,0,317334
"(oreochromis_niloticus;osteoglossum_bicirrhosum)","oreochromis_niloticus","osteoglossum_bicirrhosum",2.29693878547112e-06,36.4074,1.99510397685052e-07,33.9856,0.489585761845281,2.42182,0.273525398614814,1.09498,0,2.44175,0,2.43924,0,113296
"(oreochromis_niloticus;pantodon_buchholzi)","oreochromis_niloticus","pantodon_buchholzi",4.95616899816342e-19,98.5828,1.04328657405661e-20,96.1535,0.488196360533358,2.42934,0.754853575465638,0.312246,0,2.38894,0,2.39102,0,112895
"(oreochromis_niloticus;polypterus_senegalus)","oreochromis_niloticus","polypterus_senegalus",2.00836957311011e-123,586.392,1.09067301242937e-126,586.003,0.942370116299511,0.38966,0.776887857440945,0.283377,0,2.35745,0,2.36545,0,129987
"(oreochromis_niloticus;pundamilia_nyererei)","oreochromis_niloticus","pundamilia_nyererei",0.10253269134455,10.5722,0.180193645523379,4.88788,0.128022803982903,5.68428,0.0580367811112501,1.89542,0,2.98589,0,2.9833,0,368081
"(oreochromis_niloticus;salvelinus_fontinalis)","oreochromis_niloticus","salvelinus_fontinalis",0.827989310626734,2.84537,0.675836967893208,1.52794,0.724998370472807,1.31743,0.346407713265493,0.94158,0,2.63147,0,2.63284,0,72493.4
"(oreochromis_niloticus;taenianotus_triacanthus)","oreochromis_niloticus","taenianotus_triacanthus",6.27829742094894e-18,93.2885,2.78140699619394e-17,80.1994,0.00444783043965732,13.0891,0.0577145268177841,-1.89786,0,2.89417,0,2.89455,0,297671
"(oreochromis_niloticus;takifugu_rupribes)","oreochromis_niloticus","takifugu_rupribes",1.5349031608996e-25,129.634,2.75888928894924e-26,122.074,0.0560354206816031,7.56005,0.628967224841139,0.483181,0,2.76704,0,2.76238,0,314118
"(oreochromis_niloticus;tetraodon_nigroviridis)","oreochromis_niloticus","tetraodon_nigroviridis",2.86522511298671e-20,104.513,6.34591614103542e-22,101.809,0.439687157150283,2.70318,0.870455446669141,-0.16308,0,2.75387,0,2.75045,0,308568
"(oreochromis_niloticus;umbra_limi)","oreochromis_niloticus","umbra_limi",0.0417335863974379,13.0832,0.0155330922896852,10.389,0.441208736155231,2.69423,0.864895318122963,0.170146,0,2.5851,0,2.59219,0,199493
"(oreochromis_niloticus;acipenser_fulvescens)","oreochromis_niloticus","acipenser_fulvescens",9.50415035650423e-37,182.602,1.90912599536874e-38,178.447,0.245207051601877,4.15499,0.370412476183673,-0.895701,0,2.38969,0,2.39785,0,66136.8
"(oreochromis_niloticus;strophidon_sathete)","oreochromis_niloticus","strophidon_sathete",0.107167907906616,10.4437,0.0251102491288232,9.33874,0.775869616369607,1.10499,0.901102291427377,0.124269,0,2.4288,0,2.43431,0,121194
"(oryzias_latipes;osteoglossum_bicirrhosum)","oryzias_latipes","osteoglossum_bicirrhosum",8.6066604784809e-07,38.5913,4.74363299421016e-08,36.9375,0.647264693366045,1.65375,0.272427249800746,1.09749,0,2.4169,0,2.41416,0,110650
"(oryzias_latipes;pantodon_buchholzi)","oryzias_latipes","pantodon_buchholzi",1.27029262603087e-17,91.8168,1.37799658983751e-19,90.9372,0.830347074535328,0.879603,0.713324400651691,0.367395,0,2.36402,0,2.36542,0,109601
"(oryzias_latipes;polypterus_senegalus)","oryzias_latipes","polypterus_senegalus",3.43820375655566e-112,534.289,4.08067829675412e-115,532.612,0.64216872534025,1.67651,0.572006428650191,-0.565099,0,2.33898,0,2.34692,0,128131
"(oryzias_latipes;pundamilia_nyererei)","oryzias_latipes","pundamilia_nyererei",0.0191628558063436,15.1444,0.273083885763162,3.8945,0.0104485471613933,11.2499,0.0034652067292551,2.92314,0,2.80503,0,2.80321,0,316321
"(oryzias_latipes;salvelinus_fontinalis)","oryzias_latipes","salvelinus_fontinalis",0.538897556247694,5.0384,0.527447966950119,2.22292,0.420956331152467,2.81549,0.552296098152745,0.594323,0,2.59744,0,2.59785,0,69356.8
"(oryzias_latipes;taenianotus_triacanthus)","oryzias_latipes","taenianotus_triacanthus",4.46494659406823e-07,40.0442,4.24576067292769e-08,37.1651,0.410642020791955,2.87911,0.491599520330886,0.687767,0,2.82005,0,2.81978,0,278537
"(oryzias_latipes;takifugu_rupribes)","oryzias_latipes","takifugu_rupribes",3.14314574865788e-15,80.2694,3.68753884984717e-16,74.9644,0.150773744592002,5.30507,0.0494651854262182,1.96456,0,2.71159,0,2.70738,0,297185
"(oryzias_latipes;tetraodon_nigroviridis)","oryzias_latipes","tetraodon_nigroviridis",2.25027111556871e-14,76.126,4.67528147486491e-15,69.8153,0.0974345536214399,6.3107,0.0447773545153902,2.00674,0,2.70173,0,2.69791,0,294134
"(oryzias_latipes;umbra_limi)","oryzias_latipes","umbra_limi",0.117545141103993,10.1732,0.0541452384804906,7.63682,0.468754052321845,2.53637,0.325259597036899,0.983707,0,2.55027,0,2.55666,0,191593
"(oryzias_latipes;acipenser_fulvescens)","oryzias_latipes","acipenser_fulvescens",2.05502777364147e-31,157.448,3.75905626091373e-33,153.92,0.317165423947027,3.52787,0.849576350854086,0.189659,0,2.36742,0,2.3755,0,63973.9
"(oryzias_latipes;strophidon_sathete)","oryzias_latipes","strophidon_sathete",0.0675711288452526,11.7588,0.0230082560209239,9.53058,0.526409367184122,2.22823,0.992695413033439,-0.00915507,0,2.40312,0,2.40786,0,117546
"(osteoglossum_bicirrhosum;pantodon_buchholzi)","osteoglossum_bicirrhosum","pantodon_buchholzi",0.00568811386817042,18.2275,0.00194019122249869,14.8601,0.338366009768149,3.36744,0.768075619485089,0.294893,0,2.54955,0,2.54997,0,82121
"(osteoglossum_bicirrhosum;polypterus_senegalus)","osteoglossum_bicirrhosum","polypterus_senegalus",3.64736627111262e-112,534.17,8.94228207778735e-115,531.04,0.372008347142817,3.13003,0.780488109893716,0.278683,0,2.43736,0,2.44259,0,83707.5
"(osteoglossum_bicirrhosum;pundamilia_nyererei)","osteoglossum_bicirrhosum","pundamilia_nyererei",6.63933157700936e-07,39.1665,4.70015850984818e-08,36.9564,0.529955834296291,2.21013,0.357820512649281,-0.919526,0,2.44049,0,2.43771,0,113050
"(osteoglossum_bicirrhosum;salvelinus_fontinalis)","osteoglossum_bicirrhosum","salvelinus_fontinalis",0.00245874169092041,20.2899,0.00753821261853893,11.9552,0.039577960751929,8.3347,0.869491832944003,-0.164304,0,2.48378,0,2.4771,0,34752.8
"(osteoglossum_bicirrhosum;taenianotus_triacanthus)","osteoglossum_bicirrhosum","taenianotus_triacanthus",0.103687643807023,10.5397,0.019579967906805,9.88382,0.883524341414427,0.6559,0.716794633776176,0.362746,0,2.45499,0,2.45235,0,104322
"(osteoglossum_bicirrhosum;takifugu_rupribes)","osteoglossum_bicirrhosum","takifugu_rupribes",0.0961599402759411,10.7577,0.150202979824064,5.3139,0.142037072162022,5.44383,0.504560729184373,0.667331,0,2.40286,0,2.39901,0,110239
"(osteoglossum_bicirrhosum;tetraodon_nigroviridis)","osteoglossum_bicirrhosum","tetraodon_nigroviridis",0.268034462017649,7.61069,0.331341745706669,3.41959,0.241555460411935,4.19109,0.574462863991342,0.561491,0,2.39989,0,2.39548,0,109865
"(osteoglossum_bicirrhosum;umbra_limi)","osteoglossum_bicirrhosum","umbra_limi",1.74852322627711e-06,37.0157,5.07342259402828e-07,32.064,0.175369758807407,4.95168,0.226755063083214,-1.20876,0,2.42084,0,2.42203,0,97966.2
"(osteoglossum_bicirrhosum;acipenser_fulvescens)","osteoglossum_bicirrhosum","acipenser_fulvescens",3.66506902532222e-31,156.261,1.92221618951964e-33,155.27,0.80339725522938,0.991134,0.43355312450593,-0.783126,0,2.46056,0,2.47211,0,44801.8
"(osteoglossum_bicirrhosum;strophidon_sathete)","osteoglossum_bicirrhosum","strophidon_sathete",4.10095170069892e-08,45.2887,1.29620411477297e-09,44.311,0.806651790909655,0.977683,0.88097606042837,-0.149732,0,2.5057,0,2.5067,0,84565.8
"(pantodon_buchholzi;polypterus_senegalus)","pantodon_buchholzi","polypterus_senegalus",1.58311711288774e-126,600.78,1.54589137547396e-129,599.143,0.65111978095799,1.6366,0.919271832437457,-0.101351,0,2.3599,0,2.36669,0,82169
"(pantodon_buchholzi;pundamilia_nyererei)","pantodon_buchholzi","pundamilia_nyererei",3.50254641485578e-18,94.5065,6.41675072947512e-20,92.4823,0.567382624386474,2.02428,0.84223693071072,-0.199033,0,2.3886,0,2.39054,0,112629
"(pantodon_buchholzi;salvelinus_fontinalis)","pantodon_buchholzi","salvelinus_fontinalis",3.59111676431321e-05,30.2064,4.37568683841895e-06,27.6145,0.458897291572804,2.59198,0.459022136843764,0.740458,0,2.41342,0,2.41426,0,36346.2
"(pantodon_buchholzi;taenianotus_triacanthus)","pantodon_buchholzi","taenianotus_triacanthus",2.27970594157241e-09,51.566,9.29392303429404e-11,49.6915,0.598856461847208,1.87451,0.50846674850567,-0.661227,0,2.41014,0,2.40909,0,109002
"(pantodon_buchholzi;takifugu_rupribes)","pantodon_buchholzi","takifugu_rupribes",5.3133361114941e-07,39.6596,1.87069860021095e-08,38.8464,0.846304596940068,0.813211,0.656428880823593,-0.444849,0,2.35541,0,2.35602,0,111244
"(pantodon_buchholzi;tetraodon_nigroviridis)","pantodon_buchholzi","tetraodon_nigroviridis",2.87851124138368e-07,41.0131,1.30503028271343e-08,39.5845,0.698851641159366,1.42857,0.711958532416217,-0.369227,0,2.34701,0,2.34757,0,109920
"(pantodon_buchholzi;umbra_limi)","pantodon_buchholzi","umbra_limi",2.50071980239171e-21,109.576,4.4442440102166e-23,107.177,0.493833833956275,2.39893,0.142079777550917,-1.46809,0,2.36229,0,2.36553,0,95484.5
"(pantodon_buchholzi;acipenser_fulvescens)","pantodon_buchholzi","acipenser_fulvescens",8.41678468755825e-65,313.939,1.2939757978143e-67,313.333,0.8952294610772,0.60525,0.767030003581588,-0.296262,0,2.38673,0,2.39541,0,40620.5
"(pantodon_buchholzi;strophidon_sathete)","pantodon_buchholzi","strophidon_sathete",1.9848580589245e-19,100.488,1.33699304756171e-21,100.304,0.980151803520539,0.18386,0.683866976836436,0.407192,0,2.42305,0,2.42796,0,81123.6
"(polypterus_senegalus;pundamilia_nyererei)","polypterus_senegalus","pundamilia_nyererei",8.54022041072201e-121,574.203,4.58013021943425e-124,573.902,0.959833707343356,0.301035,0.950311824151959,-0.0623152,0,2.35842,0,2.36641,0,129071
"(polypterus_senegalus;salvelinus_fontinalis)","polypterus_senegalus","salvelinus_fontinalis",2.03899025351986e-19,100.432,8.12566370550995e-21,96.6585,0.286922537127419,3.77402,0.0839882243776426,1.728,0,2.39408,0,2.39773,0,38198.5
"(polypterus_senegalus;taenianotus_triacanthus)","polypterus_senegalus","taenianotus_triacanthus",1.20764653653198e-140,666.206,1.32980846555428e-143,664.019,0.534612342980729,2.1865,0.801017102503342,-0.252031,0,2.37665,0,2.38387,0,123483
"(polypterus_senegalus;takifugu_rupribes)","polypterus_senegalus","takifugu_rupribes",5.48220988490301e-155,732.637,1.58288718595959e-157,728.235,0.22119260035383,4.40208,0.324406516829012,0.985443,0,2.32505,0,2.33172,0,128492
"(polypterus_senegalus;tetraodon_nigroviridis)","polypterus_senegalus","tetraodon_nigroviridis",1.57228422879505e-152,721.257,1.54613394289677e-155,719.059,0.532184772466543,2.1988,0.287772881577389,1.06302,0,2.31511,0,2.32165,0,127000
"(polypterus_senegalus;umbra_limi)","polypterus_senegalus","umbra_limi",7.26762783151364e-68,328.225,1.33960503425427e-70,327.122,0.776168896677132,1.10375,0.851007565904777,0.187833,0,2.36523,0,2.37542,0,108867
"(polypterus_senegalus;acipenser_fulvescens)","polypterus_senegalus","acipenser_fulvescens",0.668895169555137,4.0575,0.474279888008512,2.5056,0.670344662105975,1.5519,0.940301755667889,-0.0748906,0,2.65106,0,2.66817,0,67377.3
"(polypterus_senegalus;strophidon_sathete)","polypterus_senegalus","strophidon_sathete",8.5817911792949e-54,262.533,4.64834384933412e-56,259.933,0.457466756654923,2.60013,0.130531318600559,-1.51201,0,2.4385,0,2.45084,0,88957.6
"(pundamilia_nyererei;salvelinus_fontinalis)","pundamilia_nyererei","salvelinus_fontinalis",0.903023305317503,2.17397,0.749569477467275,1.21433,0.811017268034052,0.959637,0.512662857166036,0.654697,0,2.63083,0,2.63195,0,71821.4
"(pundamilia_nyererei;taenianotus_triacanthus)","pundamilia_nyererei","taenianotus_triacanthus",1.05925682284612e-17,92.1963,1.51263973973421e-16,76.7698,0.00148617613854536,15.4265,0.0271489159250515,-2.20937,0,2.89251,0,2.89272,0,295834
"(pundamilia_nyererei;takifugu_rupribes)","pundamilia_nyererei","takifugu_rupribes",1.9457109323229e-24,124.392,1.68675626113805e-25,118.423,0.113119843674336,5.96917,0.992989557297071,0.0087864,0,2.76804,0,2.76329,0,313088
"(pundamilia_nyererei;tetraodon_nigroviridis)","pundamilia_nyererei","tetraodon_nigroviridis",1.47459572250986e-20,105.893,4.24485639023542e-22,102.621,0.351547531424417,3.27208,0.666726515737943,-0.430645,0,2.75483,0,2.75136,0,307230
"(pundamilia_nyererei;umbra_limi)","pundamilia_nyererei","umbra_limi",0.0435180398148,12.9698,0.018499101793317,10.0079,0.397538388095306,2.96189,0.851997006108107,-0.186571,0,2.58632,0,2.59324,0,199106
"(pundamilia_nyererei;acipenser_fulvescens)","pundamilia_nyererei","acipenser_fulvescens",1.03030540803071e-36,182.437,2.73094140161392e-38,177.727,0.194327721607294,4.70974,0.503701542312853,-0.668677,0,2.39118,0,2.39921,0,65424.9
"(pundamilia_nyererei;strophidon_sathete)","pundamilia_nyererei","strophidon_sathete",0.0800478655170078,11.2818,0.0192222787304093,9.92412,0.715484052312012,1.35768,0.891828395826687,-0.135991,0,2.42996,0,2.43523,0,120566
"(salvelinus_fontinalis;taenianotus_triacanthus)","salvelinus_fontinalis","taenianotus_triacanthus",0.256979934743314,7.75022,0.158054511154252,5.19512,0.465415522931642,2.5551,0.416317253012737,-0.812827,0,2.64516,0,2.64543,0,68516.7
"(salvelinus_fontinalis;takifugu_rupribes)","salvelinus_fontinalis","takifugu_rupribes",0.118294666913774,10.1545,0.0506807212285428,7.78455,0.499245420991254,2.36999,0.206833662848781,-1.26232,0,2.58177,0,2.58263,0,70289.3
"(salvelinus_fontinalis;tetraodon_nigroviridis)","salvelinus_fontinalis","tetraodon_nigroviridis",0.0289829064784546,14.0591,0.0702004295979885,7.05387,0.0717322153681955,7.0052,0.011362764510118,-2.53134,0,2.56553,0,2.56628,0,69454.2
"(salvelinus_fontinalis;umbra_limi)","salvelinus_fontinalis","umbra_limi",0.587836513108058,4.66199,0.228703798890492,4.32225,0.952389880729125,0.339736,0.852192256030774,-0.186322,0,2.74157,0,2.75127,0,68660.7
"(salvelinus_fontinalis;acipenser_fulvescens)","salvelinus_fontinalis","acipenser_fulvescens",1.69294747632652e-09,52.2088,6.3998290624984e-11,50.4523,0.624448651610278,1.75649,0.552538866920445,-0.59396,0,2.42582,0,2.43336,0,19192.2
"(salvelinus_fontinalis;strophidon_sathete)","salvelinus_fontinalis","strophidon_sathete",0.509244544967782,5.27349,0.245720854445231,4.14995,0.77139468722997,1.12354,0.963145900869302,-0.0462062,0,2.45612,0,2.46355,0,37705.1
"(taenianotus_triacanthus;takifugu_rupribes)","taenianotus_triacanthus","takifugu_rupribes",0.000314777082250017,25.1907,0.00109857145771038,16.0672,0.0276920291084657,9.12359,0.62260835978774,0.492157,0,2.8019,0,2.79934,0,279166
"(taenianotus_triacanthus;tetraodon_nigroviridis)","taenianotus_triacanthus","tetraodon_nigroviridis",0.0148449712795871,15.8041,0.0283847147033441,9.06921,0.0808453529855573,6.73489,0.33125406169563,0.971591,0,2.78901,0,2.78679,0,276406
"(taenianotus_triacanthus;umbra_limi)","taenianotus_triacanthus","umbra_limi",4.92881981763637e-09,49.8975,1.14531996439518e-10,49.2654,0.889058793939847,0.632045,0.834292893038783,0.209199,0,2.59686,0,2.6016,0,187607
"(taenianotus_triacanthus;acipenser_fulvescens)","taenianotus_triacanthus","acipenser_fulvescens",7.97476446127986e-50,243.968,7.4196056156914e-52,240.5,0.324944061904124,3.46794,0.438474988320193,-0.774771,0,2.40249,0,2.40869,0,62791
"(taenianotus_triacanthus;strophidon_sathete)","taenianotus_triacanthus","strophidon_sathete",1.30144531484066e-09,52.7764,1.50991100185871e-10,48.7016,0.253496388954975,4.07483,0.734478654603492,0.339174,0,2.44612,0,2.45084,0,115703
"(takifugu_rupribes;tetraodon_nigroviridis)","takifugu_rupribes","tetraodon_nigroviridis",0.102670670836167,10.5683,0.175916263056109,4.94437,0.131409019323059,5.62397,0.724426577507095,0.352549,0,2.8619,0,2.85564,0,337166
"(takifugu_rupribes;umbra_limi)","takifugu_rupribes","umbra_limi",4.88348511192995e-16,84.1789,8.59396790742037e-17,77.915,0.0994552420988874,6.26386,0.822618801304497,-0.224178,0,2.53216,0,2.53677,0,192169
"(takifugu_rupribes;acipenser_fulvescens)","takifugu_rupribes","acipenser_fulvescens",1.01631205829913e-55,271.539,2.05117911209365e-57,266.198,0.148479933519662,5.34075,0.299964276594704,-1.03651,0,2.3751,0,2.38132,0,66242.7
"(takifugu_rupribes;strophidon_sathete)","takifugu_rupribes","strophidon_sathete",1.0851032265432e-07,43.1586,8.85113736148066e-09,40.38,0.427026577083507,2.77865,0.531152943704271,0.626247,0,2.39132,0,2.39583,0,119143
"(tetraodon_nigroviridis;umbra_limi)","tetraodon_nigroviridis","umbra_limi",1.78665785209572e-11,61.9731,6.15037443265553e-13,59.908,0.559021805025131,2.06502,0.501430283478698,-0.672241,0,2.52277,0,2.52774,0,190452
"(tetraodon_nigroviridis;acipenser_fulvescens)","tetraodon_nigroviridis","acipenser_fulvescens",1.66093032776695e-55,270.542,3.77397046908549e-57,264.974,0.134610696684184,5.56829,0.304787896175776,-1.02622,0,2.3647,0,2.37075,0,65472.2
"(tetraodon_nigroviridis;strophidon_sathete)","tetraodon_nigroviridis","strophidon_sathete",1.93921471558927e-07,41.883,8.41747394696577e-09,40.4829,0.705511290813505,1.4001,0.541252543615873,0.61092,0,2.37988,0,2.384,0,118255
"(umbra_limi;acipenser_fulvescens)","umbra_limi","acipenser_fulvescens",3.19584514907609e-25,128.121,7.57089681660689e-27,124.681,0.328723108685061,3.43928,0.423876519690648,-0.799714,0,2.37884,0,2.38936,0,54387.2
"(umbra_limi;strophidon_sathete)","umbra_limi","strophidon_sathete",0.200034235092861,8.55752,0.302912783551879,3.64114,0.178023617431068,4.91638,0.808808833165289,-0.241963,0,2.43451,0,2.44246,0,103093
"(acipenser_fulvescens;strophidon_sathete)","acipenser_fulvescens","strophidon_sathete",3.3502575067944e-20,104.188,6.58276495670456e-22,101.735,0.483868771219013,2.45287,0.508797668089633,-0.660711,0,2.47945,0,2.48711,0,49519.5
